"cluster","trait_acronym","beta","se","p"
"Beta cell +PI","FGadjBMI",0.0111382884395604,0.000543046458829218,5.16552834687334e-81
"Beta cell +PI","2hGadjBMI",0.00841412334065934,0.00055881011125258,2.9151445771618e-47
"Beta cell +PI","HbA1c",0.0101708726923077,0.000512728782402438,1.582254695665e-76
"Beta cell +PI","PIadjBMI",0.0130244501266667,0.000803633217153345,1.21291488785843e-53
"Beta cell +PI","FIadjBMI",-0.00195604561538462,0.000409687941240448,2.01023376543272e-06
"Beta cell +PI","ISIadjBMI",-0.0026057234,0.000640084895418022,4.98508988879797e-05
"Beta cell +PI","IFCadjBMI",0.00241025970888889,0.000559584557910059,1.78606082139006e-05
"Beta cell +PI","SBPadjBMI",0.00133241862758621,0.000288400287967315,4.25811361587446e-06
"Beta cell +PI","DBPadjBMI",-0.000325210213793103,0.000285355990585231,0.254657209361725
"Beta cell +PI","PPadjBMI",0.00208648014712644,0.000279103259427083,1.49294533462883e-13
"Beta cell +PI","BW",-0.000609881791111112,0.00040531005971532,0.132651968523916
"Beta cell +PI","BMR",-0.00220670905555556,0.000509720260547512,1.61637222265435e-05
"Beta cell +PI","BMI",-0.00262495126222222,0.000371075572334786,2.49391532650816e-12
"Beta cell +PI","WHR",0.000154267423809524,0.000383965206230651,0.687924979114455
"Beta cell +PI","WC",-0.00140377689888889,0.000347764296194879,5.75513569684536e-05
"Beta cell +PI","HC",-0.00241243780111111,0.000404925221952442,3.32762346303003e-09
"Beta cell +PI","BFP",-0.00130486252222222,0.000349041424027942,0.000193621384852606
"Beta cell +PI","TFP",-0.00117037567,0.000356993972624562,0.0010728598128312
"Beta cell +PI","GFATadjBMI",0.000242135488888889,0.000642801976471109,0.706471985163771
"Beta cell +PI","VATadjBMI",0.000604318688888889,0.000757136752278923,0.424932669561558
"Beta cell +PI","ASATadjBMI",0.000112073134444444,0.000681639776076926,0.869430425334035
"Beta cell +PI","ALP",-0.00261716963333333,0.0006402979252739,4.6383116423433e-05
"Beta cell +PI","GGT",-0.000174666215555555,0.000449127120788253,0.697414818517894
"Beta cell +PI","Tbil",-0.000810691412222222,0.000315530430546075,0.0103049078289043
"Beta cell +PI","Dbil",-0.000922045143333333,0.000342644489800844,0.00721989996623758
"Beta cell +PI","AST",-0.00170258915777778,0.00036200986825031,2.84438909824339e-06
"Beta cell +PI","ALT",-0.000343350306666667,0.000333867864633248,0.303958559033002
"Beta cell +PI","LiverFat",0.000619236886363636,0.000707379575872283,0.381536004207852
"Beta cell +PI","TG",0.000719081571428572,0.000432471649618373,0.0966130175840205
"Beta cell +PI","LDL",0.00115078385604396,0.000341475107000155,0.000774036178302493
"Beta cell +PI","HDL",0.000490733805494506,0.000350626297661555,0.161878552497075
"Beta cell +PI","TC",0.00143860431758242,0.000348617600124453,3.92037525211896e-05
"Beta cell +PI","nonHDL",0.00115951392967033,0.000381587897368138,0.0024246850013732
"Beta cell +PI","APOA",0.000463046004444444,0.000495248297945763,0.349982385701554
"Beta cell +PI","APOB",-3.36487655555556e-05,0.000455182021235733,0.94108298389815
"Beta cell +PI","CRP",-0.000594648952222222,0.000485789884160633,0.22114870673937
"Beta cell +PI","IGF1",0.000784882494444445,0.000532075596534299,0.140430734836266
"Beta cell -PI","FGadjBMI",0.00437340960786517,0.000549114205356603,3.65015348749585e-15
"Beta cell -PI","2hGadjBMI",0.00561736120568182,0.0005682554581175,3.00080108975214e-22
"Beta cell -PI","HbA1c",0.00435413535955056,0.000518457773427662,1.19353462471277e-16
"Beta cell -PI","PIadjBMI",-0.0126780821744186,0.00082210995766354,3.77902436057918e-49
"Beta cell -PI","FIadjBMI",-0.00217530583863636,0.000416612734893013,2.07179492141834e-07
"Beta cell -PI","ISIadjBMI",-0.00160628685465116,0.000654801413183462,0.0143028651954844
"Beta cell -PI","IFCadjBMI",0.000954044820930232,0.000572450251424622,0.0958513408573226
"Beta cell -PI","SBPadjBMI",0.000639262963855422,0.000295267923477224,0.0305855618638119
"Beta cell -PI","DBPadjBMI",-0.000347303969879518,0.000292151132669592,0.23476469245783
"Beta cell -PI","PPadjBMI",0.00107605273493976,0.000285749506103474,0.00017425366413968
"Beta cell -PI","BW",-0.000166842622352941,0.000417060610711218,0.689193921254206
"Beta cell -PI","BMR",-0.00135564744418605,0.000521439498610227,0.00943787913529519
"Beta cell -PI","BMI",-0.00156377404767442,0.000379607159772135,4.04582974375353e-05
"Beta cell -PI","WHR",-0.00010131647012987,0.000401038578415067,0.800595454786418
"Beta cell -PI","WC",-0.000800156666279069,0.000355759922212261,0.0246775773415804
"Beta cell -PI","HC",-0.00145366545697674,0.000414235063920586,0.000465423866582279
"Beta cell -PI","BFP",-0.000903825140697674,0.000357066413141655,0.0114883686485579
"Beta cell -PI","TFP",-0.000944916662790698,0.000365201802832543,0.00978376213042944
"Beta cell -PI","GFATadjBMI",-0.00208234633690476,0.00066536325815986,0.00179214769636661
"Beta cell -PI","VATadjBMI",0.001266826,0.000783710994690012,0.106259156179051
"Beta cell -PI","ASATadjBMI",-0.00062362610952381,0.000705564200022782,0.376942969439089
"Beta cell -PI","ALP",0.000304429832558139,0.000655019340917232,0.642180436399778
"Beta cell -PI","GGT",-0.00103545153023256,0.000459453231120391,0.0243891231483591
"Beta cell -PI","Tbil",0.000382203497674418,0.000322784951344657,0.23660471333722
"Beta cell -PI","Dbil",0.000485581995348837,0.000350522403742385,0.166206006920814
"Beta cell -PI","AST",-0.000736042003488372,0.000370333021468745,0.0470820099430501
"Beta cell -PI","ALT",-6.72087290697675e-05,0.000341543990716454,0.84403216948419
"Beta cell -PI","LiverFat",-0.00117915890240964,0.000728374622793793,0.105736655391839
"Beta cell -PI","TG",0.000218026218181818,0.000439781547305681,0.620148932309763
"Beta cell -PI","LDL",0.000311450479545454,0.000347246926024909,0.369934224469729
"Beta cell -PI","HDL",0.000334287873863636,0.000356552795651995,0.34865053977074
"Beta cell -PI","TC",0.000508352223863636,0.000354510145892837,0.151829601138339
"Beta cell -PI","nonHDL",0.000329324861363636,0.000388037727064345,0.39621138476607
"Beta cell -PI","APOA",0.000723682165116279,0.000506634803747095,0.153426348328205
"Beta cell -PI","APOB",-0.000551886482558139,0.000465647342867248,0.236164586772573
"Beta cell -PI","CRP",-0.00169036487558139,0.000496958926754353,0.000691412348756293
"Beta cell -PI","IGF1",0.000111211011627907,0.000544308817510151,0.838140106734628
"Residual glycaemic","FGadjBMI",0.00230450470885417,0.000264357764098678,8.71686980615661e-18
"Residual glycaemic","2hGadjBMI",0.00129537493141361,0.000272742784778758,2.27205222890713e-06
"Residual glycaemic","HbA1c",0.00209858350208333,0.00024959896579967,1.10475621194627e-16
"Residual glycaemic","PIadjBMI",0.000728372268194841,0.000408099836421672,0.0745442935039656
"Residual glycaemic","FIadjBMI",0.00061711880078125,0.000199438162911538,0.00201582626231748
"Residual glycaemic","ISIadjBMI",0.00103493081661891,0.000325046968617568,0.00148963406738677
"Residual glycaemic","IFCadjBMI",-0.00105096878223496,0.000284167405817439,0.000226612870011201
"Residual glycaemic","SBPadjBMI",0.000808560414285714,0.000146752557074621,4.41038760304314e-08
"Residual glycaemic","DBPadjBMI",0.000178819226488095,0.000145203465607115,0.218378306019543
"Residual glycaemic","PPadjBMI",0.00094065375327381,0.000142021761827879,5.32431816164673e-11
"Residual glycaemic","BW",-0.000486044722535211,0.000204077187865928,0.0173865239901223
"Residual glycaemic","BMR",0.00134270305573771,0.000252762480361532,1.2829162964462e-07
"Residual glycaemic","BMI",0.000425558875263158,0.00018058922007318,0.018600600045714
"Residual glycaemic","WHR",0.000960750213373861,0.000194014221629907,8.45011032499982e-07
"Residual glycaemic","WC",0.00109022262923497,0.000172450994969243,3.5938803706164e-10
"Residual glycaemic","HC",0.000888340947802198,0.000201347106007953,1.11317830908132e-05
"Residual glycaemic","BFP",0.000605878969505495,0.000173559158073821,0.000498289057666024
"Residual glycaemic","TFP",0.000410695660714286,0.000177513524358036,0.0208524509832029
"Residual glycaemic","GFATadjBMI",-0.00233668115316092,0.000326895420225286,1.51905551482429e-12
"Residual glycaemic","VATadjBMI",-0.00217146038821839,0.000385040099227746,2.12121974379941e-08
"Residual glycaemic","ASATadjBMI",-0.00297501309252873,0.000346646291080519,2.81824502461782e-17
"Residual glycaemic","ALP",-3.66226821052634e-05,0.000311610118155032,0.906461007462985
"Residual glycaemic","GGT",0.000438413810263158,0.000218574119407914,0.0450924446810647
"Residual glycaemic","Tbil",9.90276973684208e-06,0.000153557384559557,0.948591072082875
"Residual glycaemic","Dbil",0.000238966535422343,0.000169680515429924,0.159282385108741
"Residual glycaemic","AST",-0.000240224336578947,0.000176177265872776,0.172957075119592
"Residual glycaemic","ALT",0.000611475714736842,0.000162481558412096,0.0001753724396134
"Residual glycaemic","LiverFat",0.000635763140828402,0.000360940405773708,0.0784270942063166
"Residual glycaemic","TG",0.000788405190463917,0.00020944137298702,0.000174590850740916
"Residual glycaemic","LDL",-7.99014726804123e-05,0.000165372725158083,0.629065079963218
"Residual glycaemic","HDL",-0.000916826308762886,0.000169804548465532,7.97070612874604e-08
"Residual glycaemic","TC",-0.000136059429639175,0.00016883175783184,0.420457785967598
"Residual glycaemic","nonHDL",5.43618631443299e-05,0.000184798918519947,0.768677645381783
"Residual glycaemic","APOA",-0.00117742587707182,0.000246939156930433,2.0806312667571e-06
"Residual glycaemic","APOB",-0.000763503065384616,0.000226337056113115,0.000765670291360546
"Residual glycaemic","CRP",4.4707735e-05,0.000236416576138459,0.850040435251567
"Residual glycaemic","IGF1",0.000793225900824175,0.000264572014119236,0.00277040629337278
"Body fat","FGadjBMI",0.00235110165404411,0.000314103828706936,1.32868362721412e-13
"Body fat","2hGadjBMI",0.0026940580118959,0.00032501904651006,2.88080115444319e-16
"Body fat","HbA1c",0.00240241886139706,0.000296567763259275,1.26787969616585e-15
"Body fat","PIadjBMI",0.00101224360234375,0.000476495881794988,0.0338419498791319
"Body fat","FIadjBMI",0.000826458499267394,0.000236533443158916,0.000492074140920155
"Body fat","ISIadjBMI",-0.00158708463671875,0.00037952365601093,3.0994704187575e-05
"Body fat","IFCadjBMI",0.00192201290546875,0.000331792827460159,8.80280750848748e-09
"Body fat","SBPadjBMI",0.00101662325850622,0.000173279343831345,5.7590545797816e-09
"Body fat","DBPadjBMI",0.000391124928215768,0.00017145024075897,0.0227097905603309
"Body fat","PPadjBMI",0.00106369007883818,0.000167693416659126,3.20255701086048e-10
"Body fat","BW",-0.00137673397992278,0.00023892343813019,1.04951335782342e-08
"Body fat","BMR",-0.00024569113560606,0.00029761251349048,0.409223300451488
"Body fat","BMI",0.000968438469548868,0.00021584540236885,7.89393554355894e-06
"Body fat","WHR",0.00250086479057378,0.000225287243659983,2.89084209803982e-27
"Body fat","WC",0.00204324374128788,0.000203050603053591,5.93880264948737e-23
"Body fat","HC",0.00106642299659091,0.00023642539331576,7.0767457210579e-06
"Body fat","BFP",0.00269281978939395,0.000203796285055791,2.17407353084108e-37
"Body fat","TFP",0.00246681950719698,0.000208439573070187,1.08038349202658e-30
"Body fat","GFATadjBMI",0.00319648723320157,0.000383387719447018,2.04451779102681e-16
"Body fat","VATadjBMI",0.00399471579169959,0.000451580647525878,3.15233434412611e-18
"Body fat","ASATadjBMI",0.00604481692213437,0.000406551829023902,4.78426248700836e-46
"Body fat","ALP",0.000776128222556389,0.000372445328176965,0.0373732667269047
"Body fat","GGT",0.00200541784887218,0.000261246040776411,3.2695978823877e-14
"Body fat","Tbil",-0.000852774773308268,0.000183536179200146,3.73355355364927e-06
"Body fat","Dbil",-0.000426172378867923,0.000199683449254906,0.0330180580972258
"Body fat","AST",0.000140349857894737,0.000210572108485454,0.505203013012607
"Body fat","ALT",0.00116075618496241,0.000194202607103374,2.95521750064688e-09
"Body fat","LiverFat",0.00205294157102041,0.000423946261822685,1.45178849974065e-06
"Body fat","TG",0.00152688266520145,0.000249687623324048,1.28006834628688e-09
"Body fat","LDL",0.000355066008424907,0.000197150744948095,0.0719408980586542
"Body fat","HDL",-0.00104898359377289,0.00020243418733986,2.55141510535734e-07
"Body fat","TC",0.000458586075457872,0.000201274465276094,0.0228667494223443
"Body fat","nonHDL",0.000726096223076921,0.000220309875264997,0.00100841135534642
"Body fat","APOA",-0.000822148253612168,0.000289711925200151,0.00461656026185856
"Body fat","APOB",8.62484152091258e-05,0.000266273827160416,0.746061807778048
"Body fat","CRP",0.00178205201842105,0.000282571855521569,3.94233461464394e-10
"Body fat","IGF1",-0.000953280539543729,0.000311255275512027,0.00224081391326232
"Metabolic syndrome","FGadjBMI",0.00378300812121212,0.000403288381191521,2.90453006272132e-20
"Metabolic syndrome","2hGadjBMI",0.00456628881151515,0.000414995110448516,5.84653173602742e-27
"Metabolic syndrome","HbA1c",0.00300409575757576,0.000380773241927,6.48981694552292e-15
"Metabolic syndrome","PIadjBMI",0.00245966765426829,0.000595329235074814,3.84839790902497e-05
"Metabolic syndrome","FIadjBMI",0.00411396921818182,0.00030425092352643,4.99129933902661e-39
"Metabolic syndrome","ISIadjBMI",-0.0052868170304878,0.000474173096679554,1.47439775050883e-27
"Metabolic syndrome","IFCadjBMI",0.0025163796054878,0.000414538672256881,1.70258117327643e-09
"Metabolic syndrome","SBPadjBMI",0.00258719644,0.0002126646593035,3.65247233264922e-32
"Metabolic syndrome","DBPadjBMI",0.001475111036875,0.000210419812496507,3.99186030742277e-12
"Metabolic syndrome","PPadjBMI",0.002381974694375,0.000205809085680539,2.02892146248269e-29
"Metabolic syndrome","BW",-0.00301093894171779,0.000301172168171055,1.12889631732655e-22
"Metabolic syndrome","BMR",-0.00394978803333334,0.000376453361119003,9.7944713414215e-25
"Metabolic syndrome","BMI",-0.00121061781030303,0.000274057472788188,1.08487657431613e-05
"Metabolic syndrome","WHR",0.00370793067741935,0.000282660853275562,9.9993145246949e-37
"Metabolic syndrome","WC",5.29860709090909e-05,0.000256840954368036,0.836591026157657
"Metabolic syndrome","HC",-0.00356035459573171,0.000299967469614248,7.46865786659494e-31
"Metabolic syndrome","BFP",-0.000613271851829268,0.000258568908726838,0.0178540126743571
"Metabolic syndrome","TFP",-0.00111401337256097,0.000264460134440095,2.70944255843606e-05
"Metabolic syndrome","GFATadjBMI",-0.00913195190123457,0.00047911630515354,5.10933080971016e-71
"Metabolic syndrome","VATadjBMI",0.00893528930864197,0.00056433641545303,1.88740492723481e-51
"Metabolic syndrome","ASATadjBMI",0.000432291096296296,0.000508064291825247,0.395016280931222
"Metabolic syndrome","ALP",0.000798740681212121,0.000472891357757626,0.091456223656401
"Metabolic syndrome","GGT",0.00325645057575758,0.000331702361622486,5.69649465160909e-22
"Metabolic syndrome","Tbil",-0.00118755566242424,0.000233034666871603,3.99845507720384e-07
"Metabolic syndrome","Dbil",-0.00123643683636364,0.000253059726752632,1.16327596665559e-06
"Metabolic syndrome","AST",0.00224209769575758,0.000267362006592975,1.33303307163886e-16
"Metabolic syndrome","ALT",0.00370095941515151,0.000246577759486755,5.74512891281722e-47
"Metabolic syndrome","LiverFat",0.00733040550987655,0.000521358363895356,1.20641402405105e-41
"Metabolic syndrome","TG",0.00426125607939394,0.000321171031778462,9.90299558350973e-38
"Metabolic syndrome","LDL",0.000671410616969697,0.000253593299210893,0.00820670801392737
"Metabolic syndrome","HDL",-0.00300325591090909,0.000260389345493504,2.40170166415482e-29
"Metabolic syndrome","TC",0.000944371498787878,0.000258897605026605,0.000275301118982857
"Metabolic syndrome","nonHDL",0.00190706662,0.000283382688368233,2.56228150278328e-11
"Metabolic syndrome","APOA",-0.00241229894512195,0.000366878551178523,7.1490834172402e-11
"Metabolic syndrome","APOB",0.00113022680121951,0.000337197565677987,0.000827023466612209
"Metabolic syndrome","CRP",0.00147992536424243,0.000358779606864058,3.95273976743918e-05
"Metabolic syndrome","IGF1",0.00199861417134146,0.000394160110763935,4.57009388756764e-07
"Obesity","FGadjBMI",0.000742815834763949,0.00033937490212408,0.0287940913602176
"Obesity","2hGadjBMI",0.000432474351502146,0.000349226339162875,0.215805005367449
"Obesity","HbA1c",0.00191840508583691,0.000320427980911941,2.77533712376699e-09
"Obesity","PIadjBMI",-0.000227849536480687,0.00049946052997682,0.648333766746072
"Obesity","FIadjBMI",0.000384886849785408,0.000256032983365091,0.133017118724406
"Obesity","ISIadjBMI",0.000303370439055794,0.00039781474218809,0.445854265264068
"Obesity","IFCadjBMI",-2.79261759656653e-05,0.00034778353345152,0.936013774304173
"Obesity","SBPadjBMI",0.00087071936223176,0.00017622899132901,8.89959568492529e-07
"Obesity","DBPadjBMI",0.000293345706008584,0.000174368752350986,0.0927695198375727
"Obesity","PPadjBMI",0.000852461588841201,0.00017054797771578,6.65539229181359e-07
"Obesity","BW",0.000300106840692641,0.000252989587979198,0.235757193561248
"Obesity","BMR",0.00885471231759657,0.000316792718417965,8.49958978094265e-134
"Obesity","BMI",0.00902534618534482,0.000231121117249076,3.890767853484e-219
"Obesity","WHR",0.00611306506238532,0.000238343475516526,5.28680386760671e-115
"Obesity","WC",0.00940026336480687,0.000216136585667497,6.35137379065898e-252
"Obesity","HC",0.00903125765665237,0.000251662277815922,5.22983672084624e-194
"Obesity","BFP",0.00878181695708155,0.000216930324565709,4.86111242594214e-229
"Obesity","TFP",0.0082211603390558,0.000221872858114539,6.21867282973387e-203
"Obesity","GFATadjBMI",-0.00157593005800866,0.000401229141200842,9.05946904540836e-05
"Obesity","VATadjBMI",-0.00087038385974026,0.000472595511538724,0.0657626069978165
"Obesity","ASATadjBMI",0.000442325842424243,0.000425471221269606,0.298727297659184
"Obesity","ALP",0.00173643803405172,0.000398803863402938,1.44451991493616e-05
"Obesity","GGT",0.00236991769655172,0.000279734829458918,6.64846314246138e-17
"Obesity","Tbil",-0.00126814271810345,0.00019652532009867,1.56302372506922e-10
"Obesity","Dbil",-0.000758532775965666,0.000212954610158817,0.000382012657355743
"Obesity","AST",0.0011137580612069,0.000225474624154771,8.88108829196124e-07
"Obesity","ALT",0.00283411275689655,0.000207946627696587,1.49112073202735e-39
"Obesity","LiverFat",0.0050407024673913,0.00043755226303385,3.4897019570764e-29
"Obesity","TG",0.00280591303593073,0.000271439064003115,4.14708695436251e-24
"Obesity","LDL",0.000138039841125541,0.000214325455798728,0.519648078489596
"Obesity","HDL",-0.00348511935584415,0.000220069163229808,1.0477998313856e-51
"Obesity","TC",-0.000189755162337662,0.000218808412427259,0.385984203463125
"Obesity","nonHDL",0.00106405827792208,0.000239502084790817,9.64920721055171e-06
"Obesity","APOA",-0.00409293396824034,0.000307798348901386,8.24416036287971e-38
"Obesity","APOB",8.00573733905563e-06,0.000282897034007168,0.977428139162659
"Obesity","CRP",0.00395789150775862,0.000302569905286594,9.40080219762387e-37
"Obesity","IGF1",-0.001002487527897,0.000330686628875427,0.00248366819322272
"Lipodystrophy","FGadjBMI",0.00426648268888889,0.000772238456791867,3.99482509209409e-08
"Lipodystrophy","2hGadjBMI",0.00511953800222222,0.00079465513665949,1.66534535466536e-10
"Lipodystrophy","HbA1c",0.00348355393333334,0.000729125247458345,1.97868452589056e-06
"Lipodystrophy","PIadjBMI",0.00575526851111111,0.00113650899487178,4.73869515783919e-07
"Lipodystrophy","FIadjBMI",0.0119163768888889,0.00058259616348821,1.24242378051148e-80
"Lipodystrophy","ISIadjBMI",-0.00479651382222222,0.000905216740170332,1.38289267703506e-07
"Lipodystrophy","IFCadjBMI",0.00203611028888889,0.000791372071090958,0.0102029691431197
"Lipodystrophy","SBPadjBMI",0.00480292566222222,0.000401004327232618,2.80243006865155e-31
"Lipodystrophy","DBPadjBMI",0.00420702236888889,0.000396771403499419,3.74386229698451e-25
"Lipodystrophy","PPadjBMI",0.00319239555555556,0.000388077333638699,5.05932604880378e-16
"Lipodystrophy","BW",-0.000745795964444444,0.000573194983415654,0.19346214906693
"Lipodystrophy","BMR",0.000858295225,0.000728998799118853,0.239276575940381
"Lipodystrophy","BMI",-0.00283290639545455,0.000530710014006173,1.11418719657354e-07
"Lipodystrophy","WHR",0.00864155353488372,0.000536657603501843,9.64699425464866e-53
"Lipodystrophy","WC",0.000421450884090909,0.000497370369445711,0.396958591315197
"Lipodystrophy","HC",-0.00739479518181818,0.000579121575860433,3.60222220365388e-35
"Lipodystrophy","BFP",-0.007876067,0.000499196909861476,3.02995747602601e-51
"Lipodystrophy","TFP",-0.00886286118181818,0.000510570596225528,1.3646882683264e-60
"Lipodystrophy","GFATadjBMI",-0.0268699262444444,0.000909059273045674,6.25489220838101e-145
"Lipodystrophy","VATadjBMI",0.00923638246666666,0.00107075306364397,1.96685389832041e-17
"Lipodystrophy","ASATadjBMI",-0.00882141141777778,0.000963984215980949,2.33580193739058e-19
"Lipodystrophy","ALP",0.000184864295454546,0.00091575017658035,0.840049451240526
"Lipodystrophy","GGT",0.00517384985454545,0.000642338861230779,1.83398991649759e-15
"Lipodystrophy","Tbil",0.00149050767272727,0.000451269691941356,0.000983732516435912
"Lipodystrophy","Dbil",0.000256026477272727,0.000490048053654371,0.601448761387013
"Lipodystrophy","AST",0.00426108627272727,0.000517744299471595,4.63021251718607e-16
"Lipodystrophy","ALT",0.00718137956818182,0.000477495778018671,3.89525013577346e-47
"Lipodystrophy","LiverFat",0.00810277876888889,0.000989207944252933,6.63500462827901e-16
"Lipodystrophy","TG",0.0118716765111111,0.000614995704101544,4.77000045848346e-73
"Lipodystrophy","LDL",0.00119729066666667,0.000485594198019747,0.0138084433167033
"Lipodystrophy","HDL",-0.0123355068,0.000498607635892822,1.06425507695514e-110
"Lipodystrophy","TC",0.000472552524444444,0.000495751170371331,0.340666712385985
"Lipodystrophy","nonHDL",0.00463574286666667,0.000542636535425226,3.67457859147442e-17
"Lipodystrophy","APOA",-0.0135107607045455,0.00070830108671826,2.6048789966554e-71
"Lipodystrophy","APOB",0.00424772361363636,0.000650998542818197,9.89144112319608e-11
"Lipodystrophy","CRP",-0.00172786731818182,0.00069477372117167,0.0130132046291438
"Lipodystrophy","IGF1",0.00227703477045455,0.000760971263918979,0.00282387337372767
"Liver/lipid metabolism","FGadjBMI",0.00358568933333333,0.00299086668245582,0.230797673279924
"Liver/lipid metabolism","2hGadjBMI",0.001487991,0.00307768611026038,0.628840433827615
"Liver/lipid metabolism","HbA1c",-0.000567900333333334,0.00282388994070553,0.840648035029213
"Liver/lipid metabolism","PIadjBMI",0.00836065266666667,0.00440168040995335,0.0577449483312532
"Liver/lipid metabolism","FIadjBMI",0.00653357666666667,0.00225638523875417,0.00384898397123213
"Liver/lipid metabolism","ISIadjBMI",-0.002797249,0.00350588935938786,0.425100621157409
"Liver/lipid metabolism","IFCadjBMI",0.00336678666666667,0.00306497085198895,0.272215242776403
"Liver/lipid metabolism","SBPadjBMI",0.00135264366666667,0.00155308308112904,0.383963541584168
"Liver/lipid metabolism","DBPadjBMI",0.004776017,0.00153668903800459,0.00192866540274012
"Liver/lipid metabolism","PPadjBMI",-0.00254573733333333,0.00150301705022326,0.0905764302419243
"Liver/lipid metabolism","BW",-0.00285303833333333,0.00221997462489846,0.19897722392169
"Liver/lipid metabolism","BMR",-0.00116740866666667,0.00279185284719283,0.675910882473909
"Liver/lipid metabolism","BMI",0.002981078,0.00203246461506902,0.142699290023306
"Liver/lipid metabolism","WHR",0.008497372,0.00203175289557586,3.1062201228048e-05
"Liver/lipid metabolism","WC",0.00354449766666667,0.00190478349720843,0.0630027226690566
"Liver/lipid metabolism","HC",-0.00184299366666667,0.00221786678166139,0.406147262437119
"Liver/lipid metabolism","BFP",0.00217229833333333,0.0019117786144383,0.256062770895188
"Liver/lipid metabolism","TFP",0.00112777033333333,0.00195533651699854,0.564202670065776
"Liver/lipid metabolism","GFATadjBMI",-0.00674073066666667,0.00352077142522132,0.0557845561755455
"Liver/lipid metabolism","VATadjBMI",0.011022475,0.00414700878339367,0.00796591415241661
"Liver/lipid metabolism","ASATadjBMI",0.00241993733333333,0.00373349481450103,0.516998528071974
"Liver/lipid metabolism","ALP",-0.00308255066666667,0.00350705617196272,0.379592584486986
"Liver/lipid metabolism","GGT",0.004692995,0.00245997055243074,0.0566517615678146
"Liver/lipid metabolism","Tbil",0.00543282,0.00172823134389403,0.00170801533336688
"Liver/lipid metabolism","Dbil",0.016641245,0.00187674116268771,2.54782935596789e-18
"Liver/lipid metabolism","AST",0.023977554,0.00198280970880168,6.30993875867796e-32
"Liver/lipid metabolism","ALT",0.0338347403333333,0.00182866960685711,8.62133526041517e-68
"Liver/lipid metabolism","LiverFat",0.108248854333333,0.00383118589402768,1.02259722626847e-134
"Liver/lipid metabolism","TG",-0.0250002683333333,0.00238186811997439,8.89701510349214e-25
"Liver/lipid metabolism","LDL",-0.04547521,0.00188069824194543,1.211088161095e-106
"Liver/lipid metabolism","HDL",0.012112704,0.00193109907010475,4.85673688800384e-10
"Liver/lipid metabolism","TC",-0.0445951236666667,0.001920036026711,8.15619470060621e-100
"Liver/lipid metabolism","nonHDL",-0.0523722703333333,0.00210162226474559,5.20117971317717e-112
"Liver/lipid metabolism","APOA",0.0157191273333333,0.00271258664350934,8.66602808620649e-09
"Liver/lipid metabolism","APOB",-0.055505579,0.00249313460801607,1.23367684891581e-92
"Liver/lipid metabolism","CRP",0.043090633,0.002660780777626,1.00707936689707e-53
"Liver/lipid metabolism","IGF1",-0.00352004566666667,0.00291429806519853,0.227334047183889
