"locus","chr","rsid","pos_b37","cluster","distance_to_centroid"
"SKI",1,"rs12138597",2189477,"Body fat",0.0267530159293072
"PHF13",1,"rs12402498",6673780,"Obesity",0.0230787734497093
"MTOR",1,"rs6697896",11301196,"Metabolic syndrome",0.0375905324862066
"PLEKHM2",1,"rs12746673",16050470,"Residual glycaemic",0.0233041252019624
"PLEKHM2",1,"rs10927878",16319957,"Body fat",0.029537095914587
"VWA5B1, LINC01141",1,"rs10916784",20729451,"Beta cell -PI",0.0148124208705915
"RP11-293P20.2",1,"rs12119086",24371508,"Residual glycaemic",0.024233664517692
"C1orf172, TRIM63",1,"rs61776586",26438933,"Body fat",0.0306768958225235
"YTHDF2",1,"rs2873789",28991547,"Residual glycaemic",0.0209301376817839
"S100PBP",1,"rs139751114",33303114,"Obesity",0.0174322667701736
"EVA1B",1,"rs11576244",36758061,"Metabolic syndrome",0.0198269751701007
"MACF1",1,"rs188918325",39803572,"Residual glycaemic",0.0177021295063685
"MACF1",1,"rs3768321",40035928,"Obesity",0.0529784488214535
"MACF1",1,"rs35042446",40703244,"Obesity",0.013381205996597
"MAST2",1,"rs4626927",46248645,"Residual glycaemic",0.0283366049918622
"TAL1",1,"rs2008713",47702368,"Obesity",0.0159260861638929
"FAF1",1,"rs12063943",51223263,"Metabolic syndrome",0.0270798896785348
"DAB1",1,"rs12140915",58255182,"Residual glycaemic",0.0166735906565401
"PATJ, INADL",1,"rs12140153",62579891,"Obesity",0.0203861752522525
"PGM1",1,"rs2269247",64107284,"Beta cell -PI",0.0170171925238698
"LEPR",1,"rs10789175",65662981,"Residual glycaemic",0.0159301915687605
"LEPR",1,"rs1571151",65988706,"Obesity",0.017487177256155
"NEGR1",1,"rs2815749",72814783,"Obesity",0.019867127025538
"LPHN2",1,"rs4970658",82465778,"Obesity",0.0227007875452238
"RP11-475O6.1",1,"rs6692233",84327214,"Obesity",0.0159122587519256
"EVI5",1,"rs6604014",93215718,"Body fat",0.0314833120127822
"RP11-147C23.1",1,"rs11165431",95963173,"Residual glycaemic",0.0188338879864155
"RP11-147C23.1",1,"rs321234",96479066,"Residual glycaemic",0.012797270948671
"RP11-147C23.1",1,"rs12757257",96898302,"Obesity",0.0182857893281372
"AL160056.1",1,"rs1410467",98886596,"Beta cell -PI",0.024157087959367
"RP5-936J12.1",1,"rs6577334",103214274,"Body fat",0.0240382761375814
"NTNG1",1,"rs12066815",107883043,"Obesity",0.0180339090164952
"CSF1",1,"rs333947",110470764,"Body fat",0.0354051010013671
"FAM212B-AS1, ST7L",1,"rs12033257",112318484,"Obesity",0.0148228701464706
"PTGFRN, FAM46C",1,"rs1127215",117532790,"Residual glycaemic",0.0170007169259824
"PTGFRN, FAM46C",1,"rs1146297",117910682,"Obesity",0.021451584904785
"PTGFRN, FAM46C",1,"rs320369",118143517,"Beta cell -PI",0.027173337303214
"NOTCH2",1,"rs2493389",120474178,"Body fat",0.0207993532105179
"CHD1L",1,"rs59689207",146722484,"Beta cell +PI",0.0213517767234075
"CHD1L",1,"rs80296758",147101355,"Residual glycaemic",0.0143983243942282
"FAM63A, BNIPL",1,"rs12758483",150515744,"Body fat",0.0276799754424801
"FAM63A, BNIPL",1,"rs116279971",150684486,"Metabolic syndrome",0.0232607076133445
"FAM63A, BNIPL",1,"rs35550545",151000183,"Residual glycaemic",0.0227708536197786
"FAM63A, BNIPL",1,"rs4971038",151359478,"Residual glycaemic",0.0142313453007122
"ATP8B2, PKLR",1,"rs1685635",154292320,"Beta cell +PI",0.0201373594989337
"ATP8B2, PKLR",1,"rs4971072",155273869,"Beta cell +PI",0.0286396685340082
"DNM3",1,"rs2227199",172359780,"Lipodystrophy",0.0277440068946246
"SEC16B",1,"rs539515",177889025,"Obesity",0.0491729756278564
"SEC16B",1,"rs74128490",177915778,"Obesity",0.014837735536942
"RP11-345I18.6",1,"rs2816177",179248952,"Body fat",0.0256664663624628
"LAMC1",1,"rs4129858",183004334,"Body fat",0.0188391441041079
"TSEN15",1,"rs1327123",184014593,"Obesity",0.027021459347346
"ATP6V1G3",1,"rs12025652",198451136,"Residual glycaemic",0.0205093583056668
"ZNF281",1,"rs12128213",200197538,"Body fat",0.0215135465550621
"ZNF281",1,"rs10919896",200298191,"Body fat",0.0192454863477192
"IPO9",1,"rs10920270",201856521,"Obesity",0.023521694165733
"OPTC",1,"rs13303359",203518873,"Lipodystrophy",0.0402143974082273
"MDM4, CNTN2, RAB7L1, SRGAP2",1,"rs6689629",204539291,"Body fat",0.0300654216341162
"MDM4, CNTN2, RAB7L1, SRGAP2",1,"rs4951159",205012106,"Metabolic syndrome",0.0262219491530386
"MDM4, CNTN2, RAB7L1, SRGAP2",1,"rs4950978",205024573,"Body fat",0.0205367740037016
"MDM4, CNTN2, RAB7L1, SRGAP2",1,"rs708723",205739266,"Obesity",0.0274366710092029
"MDM4, CNTN2, RAB7L1, SRGAP2",1,"rs11120291",206616101,"Residual glycaemic",0.018852992155268
"SYT14",1,"rs77570671",210361351,"Obesity",0.0174240816658463
"PROX1",1,"rs11277",211745154,"Residual glycaemic",0.017719662017481
"PROX1",1,"rs6540733",212392953,"Body fat",0.0224574983181762
"PROX1",1,"rs3123307",213160826,"Body fat",0.0176262100141842
"PROX1",1,"rs11120157",213714381,"Beta cell +PI",0.0182790740780404
"PROX1",1,"rs12117411",213952992,"Residual glycaemic",0.0216162622717401
"PROX1",1,"rs61818951",214029578,"Residual glycaemic",0.0132732428597138
"PROX1",1,"rs17712208",214150445,"Beta cell +PI",0.0257212772320416
"PROX1",1,"rs340874",214159256,"Beta cell +PI",0.0273112451519708
"PROX1",1,"rs76378634",214216946,"Residual glycaemic",0.0225610773579313
"PROX1",1,"rs72755403",214223408,"Residual glycaemic",0.0182227214740772
"PROX1",1,"rs74139610",214284310,"Beta cell -PI",0.025487541744349
"LYPLAL1",1,"rs1415287",219742537,"Lipodystrophy",0.0441537171835816
"CDC42BPA",1,"rs12068632",227399214,"Body fat",0.0235233217916588
"ABCB10, NUP133",1,"rs348330",229672955,"Beta cell +PI",0.01716874702103
"GNG4, TBCE",1,"rs1726669",236427387,"Residual glycaemic",0.0124639308176652
"TMEM18",2,"rs62107261",422144,"Obesity",0.0491941152515979
"TMEM18",2,"rs35142762",636790,"Obesity",0.0593136384853655
"AC107057.2, LINC01105",2,"rs147020059",5831932,"Body fat",0.0144545232409444
"AC107057.2, LINC01105",2,"rs12468070",6159981,"Obesity",0.0264866747779083
"AC011747.3",2,"rs12328987",8630749,"Beta cell -PI",0.0207171584490416
"FAM49A, AC142119.1",2,"rs4668481",16229032,"Residual glycaemic",0.0199159285187733
"FAM49A, AC142119.1",2,"rs11680058",16574669,"Residual glycaemic",0.0145219080374151
"FAM49A, AC142119.1",2,"rs5023163",16663741,"Beta cell -PI",0.0172024221342129
"RP11-111J6.2",2,"rs7579323",18702074,"Metabolic syndrome",0.0268232575658233
"DTNB, KIF3C, GCKR",2,"rs13023418",25569823,"Metabolic syndrome",0.0197789465913638
"DTNB, KIF3C, GCKR",2,"rs41521945",25938077,"Residual glycaemic",0.0397845809912767
"DTNB, KIF3C, GCKR",2,"rs7603413",26561117,"Body fat",0.0211286322634147
"DTNB, KIF3C, GCKR",2,"rs72806909",27198666,"Residual glycaemic",0.0293560496488893
"DTNB, KIF3C, GCKR",2,"rs4665372",27325837,"Body fat",0.0316252200353106
"DTNB, KIF3C, GCKR",2,"rs1260326",27730940,"Residual glycaemic",0.147682961216607
"DTNB, KIF3C, GCKR",2,"rs8179236",27741633,"Body fat",0.0291380111048352
"SLC8A1-AS1, SLC8A1",2,"rs1012311",40475022,"Residual glycaemic",0.0211957205524175
"THADA",2,"rs11124906",43197221,"Metabolic syndrome",0.0191112134592468
"THADA",2,"rs4952673",43423870,"Beta cell +PI",0.02301017745128
"THADA",2,"rs62137415",43569728,"Beta cell +PI",0.0217249877796486
"THADA",2,"rs76675804",43611883,"Beta cell +PI",0.0276321776010172
"SIX3, SIX2",2,"rs10201401",44810480,"Body fat",0.0189687700885971
"SIX3, SIX2",2,"rs12712928",45192080,"Beta cell +PI",0.0470638724626535
"AC079807.1",2,"rs11691374",48155484,"Body fat",0.0215458157038682
"BNIPL, LINC01122, BCL11A, AC007381.2",2,"rs6741951",58959112,"Obesity",0.0230511913261651
"BNIPL, LINC01122, BCL11A, AC007381.2",2,"rs17049820",59139507,"Obesity",0.0157374288093366
"BNIPL, LINC01122, BCL11A, AC007381.2",2,"rs117882378",59144691,"Residual glycaemic",0.0220934876859486
"BNIPL, LINC01122, BCL11A, AC007381.2",2,"rs7599151",59308101,"Obesity",0.0289538652735042
"BNIPL, LINC01122, BCL11A, AC007381.2",2,"rs72806282",59527396,"Residual glycaemic",0.0189592398889068
"BNIPL, LINC01122, BCL11A, AC007381.2",2,"rs980329",60285100,"Obesity",0.0179410146292875
"BNIPL, LINC01122, BCL11A, AC007381.2",2,"rs7608259",60532608,"Residual glycaemic",0.0216137923672034
"BNIPL, LINC01122, BCL11A, AC007381.2",2,"rs243018",60586707,"Beta cell +PI",0.0309939914073599
"BNIPL, LINC01122, BCL11A, AC007381.2",2,"rs6545816",60714861,"Residual glycaemic",0.0149745792354255
"CEP68",2,"rs2540949",65284231,"Metabolic syndrome",0.0293645148337573
"CEP68",2,"rs61748094",65571889,"Residual glycaemic",0.0157577343498198
"CEP68",2,"rs12185610",65661468,"Metabolic syndrome",0.0242594873434325
"ETAA1",2,"rs2049019",66671858,"Residual glycaemic",0.0227607752132572
"ETAA1",2,"rs12713597",67621067,"Body fat",0.0185397945921491
"AC016700.3",2,"rs10180252",70339484,"Metabolic syndrome",0.0201487537249155
"AFF3",2,"rs10496386",105190420,"Body fat",0.0206237714832972
"AFF3",2,"rs1451533",105466005,"Obesity",0.0157368617032509
"TMEM87B, LOC541471, BCL2L11",2,"rs72836348",111888043,"Metabolic syndrome",0.0247372177136007
"TMEM87B, LOC541471, BCL2L11",2,"rs1345203",112253851,"Metabolic syndrome",0.030318270447895
"SCTR, GLI2",2,"rs3731600",120231070,"Body fat",0.0233680018944476
"SCTR, GLI2",2,"rs2244214",120282015,"Beta cell -PI",0.0216040204328879
"SCTR, GLI2",2,"rs80136509",121109091,"Residual glycaemic",0.0178200244056816
"SCTR, GLI2",2,"rs11902253",121215150,"Body fat",0.01467890268155
"SCTR, GLI2",2,"rs11688682",121347612,"Metabolic syndrome",0.0351753891245602
"SCTR, GLI2",2,"rs10864859",121440218,"Metabolic syndrome",0.0266290214522861
"TEX41",2,"rs6705150",145256545,"Residual glycaemic",0.0181270461339795
"TEX41",2,"rs72854449",145704420,"Residual glycaemic",0.0233652573137698
"TEX41",2,"rs7609422",146348037,"Metabolic syndrome",0.0162785340954671
"PABPC1P2",2,"rs7559658",147920213,"Obesity",0.0182265775011368
"EPC2",2,"rs4499362",149568396,"Residual glycaemic",0.0186917576921921
"NMI",2,"rs10174715",152166517,"Beta cell +PI",0.0187513007024281
"PRPF40A",2,"rs4664605",153573528,"Body fat",0.0160960001849581
"ACVR1C, CYTIP",2,"rs7594480",158390468,"Metabolic syndrome",0.0292243956537395
"ACVR1C, CYTIP",2,"rs720159",158848804,"Residual glycaemic",0.0147100931067399
"RBMS1",2,"rs6720948",160674656,"Body fat",0.0185705045974123
"RBMS1",2,"rs77704424",161144079,"Body fat",0.0145903098743437
"RBMS1",2,"rs58757862",161235452,"Body fat",0.026877531922733
"RBMS1",2,"rs10490563",161914168,"Residual glycaemic",0.0160654773192143
"KCNH7",2,"rs1492989",163711137,"Residual glycaemic",0.0136039032358847
"GRB14, COBLL1, GALNT3",2,"rs192885976",165269631,"Residual glycaemic",0.0165812642653635
"GRB14, COBLL1, GALNT3",2,"rs6757477",165337714,"Metabolic syndrome",0.0251401241009362
"GRB14, COBLL1, GALNT3",2,"rs72874860",165451762,"Residual glycaemic",0.0122103670039234
"GRB14, COBLL1, GALNT3",2,"rs10184004",165508389,"Lipodystrophy",0.0572976590001287
"GRB14, COBLL1, GALNT3",2,"rs74459242",165578602,"Metabolic syndrome",0.0156582857904792
"GRB14, COBLL1, GALNT3",2,"rs9287852",165769051,"Lipodystrophy",0.0245811113818807
"GRB14, COBLL1, GALNT3",2,"rs11674103",166177380,"Body fat",0.0184329575544897
"GRB14, COBLL1, GALNT3",2,"rs3791848",166613243,"Body fat",0.0177612712924137
"SPC25",2,"rs13387347",169754846,"Residual glycaemic",0.0360046760416965
"GAD1",2,"rs2270335",171674696,"Body fat",0.0242677113628476
"SP9",2,"rs72917544",175241566,"Obesity",0.0159434251784847
"TTN",2,"rs12464787",179440029,"Body fat",0.0255838966643633
"SCHLAP1",2,"rs12467798",181567192,"Obesity",0.0153636541593457
"DNAH7",2,"rs10198943",196703316,"Body fat",0.0206908138945846
"RP11-686O6.2",2,"rs1991371",203418537,"Body fat",0.0327252370980108
"AC016903.2",2,"rs4482463",205375909,"Obesity",0.013868892254843
"PLEKHM3",2,"rs11692908",208868780,"Residual glycaemic",0.0117176241268535
"AC079610.1, IKZF2",2,"rs75179644",213687103,"Residual glycaemic",0.0168067239344685
"AC079610.1, IKZF2",2,"rs16849467",213818731,"Metabolic syndrome",0.0192771789074709
"PNKD, CRYBA2",2,"rs2288176",218784531,"Residual glycaemic",0.0156383986409813
"PNKD, CRYBA2",2,"rs76480788",218866486,"Residual glycaemic",0.018991088241568
"PNKD, CRYBA2",2,"rs10193189",219187603,"Metabolic syndrome",0.0397019566907862
"PNKD, CRYBA2",2,"rs78058190",219699999,"Lipodystrophy",0.0316413898159356
"IRS1",2,"rs12613239",226920775,"Lipodystrophy",0.0224899783712913
"IRS1",2,"rs2203452",227094758,"Lipodystrophy",0.0667126826707242
"IRS1",2,"rs10933138",227201709,"Residual glycaemic",0.0317666157243442
"SPHKAP",2,"rs13022070",228983870,"Obesity",0.020386098706834
"ATG16L1, DGKD",2,"rs2305141",233684402,"Residual glycaemic",0.0225728952319061
"ATG16L1, DGKD",2,"rs72976321",234185539,"Body fat",0.0469093476633464
"ATG16L1, DGKD",2,"rs117809958",234191103,"Residual glycaemic",0.0172932159835457
"ATG16L1, DGKD",2,"rs6706384",234306982,"Beta cell -PI",0.0426767067675234
"AC114788.2",2,"rs12999257",239869402,"Residual glycaemic",0.0220121859112393
"SETD5",3,"rs2279440",9518511,"Obesity",0.0176196400168967
"PPARG",3,"rs308958",12189510,"Lipodystrophy",0.0370188690025876
"PPARG",3,"rs17036160",12329783,"Lipodystrophy",0.0577512138771564
"PPARG",3,"rs709156",12461615,"Metabolic syndrome",0.0290691580849854
"PPARG",3,"rs58691354",12497594,"Metabolic syndrome",0.0248102091705748
"PPARG",3,"rs7650482",12841804,"Body fat",0.0263862252152556
"PPARG",3,"rs9818385",13426947,"Residual glycaemic",0.0206325658149763
"ANKRD28",3,"rs924753",15706124,"Obesity",0.0206030251806313
"AC144521.1",3,"rs9878064",18815918,"Body fat",0.0265541827109573
"UBE2E2",3,"rs138043981",23049548,"Residual glycaemic",0.0164800708641632
"UBE2E2",3,"rs13094957",23457080,"Residual glycaemic",0.0188323071757079
"UBE2E2",3,"rs59738871",23562663,"Metabolic syndrome",0.0202191781652284
"UBE2E2",3,"rs76435632",23632174,"Beta cell -PI",0.0131758587219458
"AC133680.1",3,"rs36052996",24993762,"Residual glycaemic",0.0210235540365774
"AC133680.1",3,"rs6808550",25107866,"Residual glycaemic",0.0337329126901297
"ARPP21",3,"rs6766511",35659344,"Obesity",0.0207997416084665
"TRANK1",3,"rs4789",36869439,"Body fat",0.0253413315749288
"CCK",3,"rs935112",42311492,"Obesity",0.0155202264107349
"RP4-672N11.1",3,"rs6809096",43902494,"Obesity",0.0169467200544801
"KIF9, SMARCC1",3,"rs11926707",46925539,"Metabolic syndrome",0.0309705912794908
"RBM6",3,"rs2624847",50174197,"Obesity",0.0306018974977494
"RFT1",3,"rs11707129",52116236,"Metabolic syndrome",0.0199886450712124
"RP11-894J14.5, RFT1",3,"rs2581787",53127677,"Metabolic syndrome",0.0229853130888933
"CACNA2D3",3,"rs76263492",54828827,"Residual glycaemic",0.0127101701897597
"PXK",3,"rs9815266",57765862,"Body fat",0.0219188550786677
"PXK",3,"rs62259319",58290358,"Residual glycaemic",0.0253203664207132
"PSMD6, ATXN7, ADAMTS9",3,"rs832186",63832102,"Body fat",0.012389598154844
"PSMD6, ATXN7, ADAMTS9",3,"rs2292662",63897215,"Body fat",0.0209191913255866
"PSMD6, ATXN7, ADAMTS9",3,"rs4132228",64708114,"Lipodystrophy",0.02918698150775
"KBTBD8",3,"rs7648830",66914758,"Body fat",0.0159618086864483
"RP11-231I13.2",3,"rs149800825",70485215,"Obesity",0.0264704747009018
"RP11-154H23.3",3,"rs844215",71656045,"Obesity",0.0231732794304464
"SHQ1",3,"rs9880763",72789805,"Residual glycaemic",0.0182561149601317
"SHQ1",3,"rs13085136",72865183,"Beta cell +PI",0.0160492549131731
"ROBO2",3,"rs2272163",77671721,"Body fat",0.0262949672038154
"VGLL3",3,"rs62257270",86910133,"Body fat",0.0166956126465618
"U3",3,"rs11716527",89986280,"Residual glycaemic",0.0195046079904578
"ARMC10P1",3,"rs580585",94205768,"Obesity",0.0222865021726805
"SIDT1",3,"rs775230",113001706,"Body fat",0.016724213973263
"ZBTB20",3,"rs9822860",114943779,"Residual glycaemic",0.0229452764821781
"CASR, ADCY5",3,"rs7635128",121966233,"Beta cell +PI",0.0166263873609929
"CASR, ADCY5",3,"rs1393202",122030601,"Beta cell -PI",0.0172438437282324
"CASR, ADCY5",3,"rs4482616",123018963,"Body fat",0.0191864842547619
"CASR, ADCY5",3,"rs11708067",123065778,"Beta cell +PI",0.056370183860248
"CASR, ADCY5",3,"rs73856630",123193270,"Residual glycaemic",0.0171132700905689
"SLC12A8",3,"rs9873519",124921457,"Beta cell +PI",0.0242013226881485
"SLC12A8",3,"rs13086821",125081421,"Residual glycaemic",0.0231094929311285
"TMCC1, PLXND1",3,"rs6762578",128992047,"Metabolic syndrome",0.0214599021437321
"TMCC1, PLXND1",3,"rs78252470",129320530,"Metabolic syndrome",0.0222367909433241
"CPNE4",3,"rs7649058",131753688,"Obesity",0.0171175021598586
"STAG1",3,"rs28509770",135793657,"Metabolic syndrome",0.0379521245802862
"STAG1",3,"rs9878031",136516860,"Obesity",0.0313050364789971
"MRAS",3,"rs1679147",138097537,"Body fat",0.0214422201515904
"ZBTB38",3,"rs75206890",141153545,"Beta cell +PI",0.026976630258605
"TSC22D2, TM4SF4",3,"rs1802837",149193684,"Beta cell -PI",0.0147527469288176
"TSC22D2, TM4SF4",3,"rs62271373",150066540,"Lipodystrophy",0.0230425412009498
"MBNL1",3,"rs13066678",152086833,"Residual glycaemic",0.0244887120782227
"MBNL1",3,"rs9873341",152387723,"Residual glycaemic",0.0175938522223128
"MBNL1",3,"rs75417759",152530027,"Residual glycaemic",0.0264986277001717
"LEKR1, CCNL1",3,"rs9854955",156795525,"Metabolic syndrome",0.0825080752234673
"TRIM59",3,"rs1047210",160154258,"Beta cell +PI",0.0282009310843219
"EGFEM1P",3,"rs7631973",168218872,"Beta cell -PI",0.0178865173500596
"SLC2A2",3,"rs1514895",170705693,"Beta cell -PI",0.046546409136736
"SLC2A2",3,"rs6779848",170765480,"Body fat",0.0168411245533473
"FNDC3B",3,"rs4894803",171800256,"Beta cell +PI",0.0336474130149224
"FNDC3B",3,"rs4894537",171998829,"Residual glycaemic",0.0202167708620596
"NLGN1",3,"rs529200",173114305,"Obesity",0.0141331762666424
"ABCC5, IGF2BP2, ST6GAL1, BCL6, LPP",3,"rs2313211",183738626,"Residual glycaemic",0.0235531641913423
"ABCC5, IGF2BP2, ST6GAL1, BCL6, LPP",3,"rs6443954",183902801,"Residual glycaemic",0.0252600404335242
"ABCC5, IGF2BP2, ST6GAL1, BCL6, LPP",3,"rs16859748",184893137,"Metabolic syndrome",0.0204557012936081
"ABCC5, IGF2BP2, ST6GAL1, BCL6, LPP",3,"rs7629245",185141857,"Metabolic syndrome",0.0173456952991701
"ABCC5, IGF2BP2, ST6GAL1, BCL6, LPP",3,"rs147676117",185259829,"Metabolic syndrome",0.0202972304831959
"ABCC5, IGF2BP2, ST6GAL1, BCL6, LPP",3,"rs73885749",185261358,"Residual glycaemic",0.015063814573648
"ABCC5, IGF2BP2, ST6GAL1, BCL6, LPP",3,"rs192540172",185462028,"Residual glycaemic",0.0236913228266725
"ABCC5, IGF2BP2, ST6GAL1, BCL6, LPP",3,"rs146998369",185489834,"Body fat",0.0155465150500665
"ABCC5, IGF2BP2, ST6GAL1, BCL6, LPP",3,"rs9808924",185514189,"Metabolic syndrome",0.0389480452425279
"ABCC5, IGF2BP2, ST6GAL1, BCL6, LPP",3,"rs138878099",185548640,"Metabolic syndrome",0.0163633853792491
"ABCC5, IGF2BP2, ST6GAL1, BCL6, LPP",3,"rs73175581",185549134,"Body fat",0.0204267769278213
"ABCC5, IGF2BP2, ST6GAL1, BCL6, LPP",3,"rs869400",185826740,"Obesity",0.0373786723644874
"ABCC5, IGF2BP2, ST6GAL1, BCL6, LPP",3,"rs3887925",186665645,"Beta cell -PI",0.0232659183564614
"ABCC5, IGF2BP2, ST6GAL1, BCL6, LPP",3,"rs2268532",186757995,"Residual glycaemic",0.0189204170470853
"ABCC5, IGF2BP2, ST6GAL1, BCL6, LPP",3,"rs35404821",187684976,"Residual glycaemic",0.0249424413730387
"ABCC5, IGF2BP2, ST6GAL1, BCL6, LPP",3,"rs6777684",187741842,"Beta cell +PI",0.0191506305354643
"ABCC5, IGF2BP2, ST6GAL1, BCL6, LPP",3,"rs12490232",188040590,"Body fat",0.0188046178480438
"ABCC5, IGF2BP2, ST6GAL1, BCL6, LPP",3,"rs79786949",188070274,"Beta cell +PI",0.0223730065553574
"TFRC",3,"rs9877493",195832147,"Residual glycaemic",0.0169713663724589
"CTBP1, PCGF3, MAEA",4,"rs56121601",725109,"Beta cell +PI",0.0227641327437924
"CTBP1, PCGF3, MAEA",4,"rs34311866",951947,"Metabolic syndrome",0.0280608986236031
"CTBP1, PCGF3, MAEA",4,"rs730831",1240299,"Body fat",0.0181347714083685
"CTBP1, PCGF3, MAEA",4,"rs144186803",1264513,"Residual glycaemic",0.0179596623342068
"CTBP1, PCGF3, MAEA",4,"rs6831006",1784605,"Beta cell -PI",0.0226353885358852
"HTT",4,"rs362307",3241845,"Obesity",0.0230655543304001
"CYTL1",4,"rs4450871",4990298,"Lipodystrophy",0.0178023568324987
"WFS1",4,"rs13130845",6297646,"Beta cell -PI",0.0212729455718553
"WFS1",4,"rs147834269",6303731,"Residual glycaemic",0.0231292352933519
"LCORL",4,"rs16896276",18015156,"Body fat",0.0482806679119856
"LCORL",4,"rs13109789",18957245,"Residual glycaemic",0.0160894546315588
"SLIT2",4,"rs2046438",20033472,"Body fat",0.0164144607614369
"ANAPC4",4,"rs34811474",25408838,"Obesity",0.0224923063458753
"KLB",4,"rs58015370",39413650,"Body fat",0.019681511666358
"GNPDA2",4,"rs77348094",45075511,"Obesity",0.0121145474230626
"GNPDA2",4,"rs10938397",45182527,"Obesity",0.0295631789290304
"CWH43",4,"rs62310934",48880627,"Obesity",0.0208940666860799
"USP46",4,"rs114447556",53207093,"Obesity",0.0200667844812685
"THEGL",4,"rs4568288",57434741,"Body fat",0.0157290026049877
"MOB1B",4,"rs10433674",71761726,"Residual glycaemic",0.0175875703968528
"ART3, SHROOM3",4,"rs13142804",76511655,"Residual glycaemic",0.0168392317536275
"ART3, SHROOM3",4,"rs4624679",77057822,"Residual glycaemic",0.0184485011854619
"ART3, SHROOM3",4,"rs62300927",77532524,"Residual glycaemic",0.0199852376476984
"SCD5",4,"rs79920718",83578271,"Metabolic syndrome",0.021801686139727
"NKX6-1, CDS1, RP11-42A4.1",4,"rs117624659",85339618,"Residual glycaemic",0.0211203367394878
"NKX6-1, CDS1, RP11-42A4.1",4,"rs144589448",85399336,"Body fat",0.0162745875655801
"FAM13A",4,"rs7697644",89732876,"Lipodystrophy",0.0218264303609658
"RP11-363G15.2",4,"rs7676797",95099194,"Residual glycaemic",0.0229929558362922
"UNC5C",4,"rs2289043",96106322,"Obesity",0.0220094448483002
"ADH1B",4,"rs1229984",100239319,"Obesity",0.042089744950613
"PPP3CA",4,"rs2850960",102172843,"Body fat",0.0208836196396226
"SLC9B1",4,"rs223423",103725894,"Residual glycaemic",0.027088512571244
"TET2",4,"rs10488913",106049416,"Beta cell -PI",0.0259407376070683
"NDST3",4,"rs13135646",118992195,"Residual glycaemic",0.0124393175550916
"PRDM5",4,"rs4833686",121762403,"Residual glycaemic",0.022037120613774
"LARP1B",4,"rs4975198",129173123,"Residual glycaemic",0.0159727432536293
"RP11-422J15.1",4,"rs72675820",130746149,"Obesity",0.0166839107518831
"PABPC4L",4,"rs1296328",137083193,"Obesity",0.0148345166754935
"MAML3",4,"rs56218782",140893287,"Obesity",0.0155891750373111
"SMARCA5",4,"rs12500603",144442252,"Body fat",0.0176968969725842
"HHIP",4,"rs11727676",145659064,"Metabolic syndrome",0.0315216170535844
"TMEM154",4,"rs6813195",153520475,"Beta cell -PI",0.0194383512695526
"GUCY1B3",4,"rs3775087",156703084,"Residual glycaemic",0.0215868640623622
"PDGFC",4,"rs4691378",157704459,"Lipodystrophy",0.0359591979075139
"RP11-654F3.1",4,"rs550072",171079937,"Obesity",0.0200697448074371
"LINC01098",4,"rs10006596",178910307,"Residual glycaemic",0.0131250892445093
"SORBS2, ACSL1",4,"rs7683525",185706153,"Beta cell -PI",0.0204621947900232
"SORBS2, ACSL1",4,"rs72695645",185713608,"Beta cell +PI",0.0159287065661776
"SORBS2, ACSL1",4,"rs59972619",185774870,"Residual glycaemic",0.011138796451554
"SORBS2, ACSL1",4,"rs11724862",186572503,"Metabolic syndrome",0.0225924642289266
"ANKH",5,"rs17250977",14753745,"Residual glycaemic",0.0186464052203988
"ANKH",5,"rs147581833",14755919,"Body fat",0.0202849256426982
"ANKH",5,"rs6885132",14768092,"Residual glycaemic",0.0132615017172739
"ANKH",5,"rs76549217",14768766,"Residual glycaemic",0.0180089914281139
"ANKH",5,"rs79190780",14826193,"Residual glycaemic",0.0187569015806653
"RANBP3L",5,"rs78923858",36208413,"Residual glycaemic",0.0167265721561345
"CTD-2116N24.1",5,"rs72732603",38032494,"Residual glycaemic",0.0130818866481685
"NNT",5,"rs13186372",43612628,"Body fat",0.0211002844091117
"MRPS30",5,"rs6884702",44682589,"Beta cell +PI",0.0166837889912729
"PARP8",5,"rs117870891",49912344,"Residual glycaemic",0.0165607050247066
"PARP8",5,"rs62366901",49930286,"Body fat",0.0139976284817111
"ITGA1, ARL15",5,"rs17261179",51791225,"Body fat",0.0172192054590483
"ITGA1, ARL15",5,"rs3762991",52085403,"Residual glycaemic",0.0172933555476051
"ITGA1, ARL15",5,"rs62370474",52768320,"Body fat",0.0325118468601954
"ITGA1, ARL15",5,"rs889292",52850891,"Body fat",0.018120695391971
"ITGA1, ARL15",5,"rs1694068",53283630,"Metabolic syndrome",0.0347963674075789
"ITGA1, ARL15",5,"rs39671",53465786,"Metabolic syndrome",0.0198000151477601
"ITGA1, ARL15",5,"rs139330292",53503097,"Metabolic syndrome",0.0240116781631678
"ANKRD55, SLC38A9, AC022431.2",5,"rs3911664",55761177,"Residual glycaemic",0.0180744790152715
"ANKRD55, SLC38A9, AC022431.2",5,"rs13153834",55807960,"Residual glycaemic",0.0211889581332192
"ANKRD55, SLC38A9, AC022431.2",5,"rs256904",55810305,"Residual glycaemic",0.0746581986815001
"ANKRD55, SLC38A9, AC022431.2",5,"rs9687846",55861894,"Lipodystrophy",0.0616734214035582
"ANKRD55, SLC38A9, AC022431.2",5,"rs96844",56196604,"Metabolic syndrome",0.0248280875586939
"RAB3C",5,"rs861293",57730132,"Residual glycaemic",0.0224640836501743
"MAST4",5,"rs34691",66287883,"Residual glycaemic",0.0131307186493695
"PIK3R1",5,"rs4976033",67714246,"Lipodystrophy",0.0354874421145951
"CTC-347C20.1",5,"rs150100713",72027242,"Body fat",0.0166043606420224
"POC5, HMGCR, ANKDD1B",5,"rs34341",74934009,"Obesity",0.0748709435700448
"POC5, HMGCR, ANKDD1B",5,"rs1404990",75244122,"Obesity",0.018830918034039
"ZBED3",5,"rs7732130",76435004,"Beta cell +PI",0.0255671111497286
"ZBED3",5,"rs2242159",76714380,"Body fat",0.0252972315795744
"ZBED3",5,"rs252761",77380723,"Obesity",0.0255280614437334
"DMGDH, JMY",5,"rs7445125",78507417,"Body fat",0.0241814280333292
"AC008394.1",5,"rs13185500",86520965,"Residual glycaemic",0.0181143031428609
"TMEM161B-AS1",5,"rs7442885",87682877,"Obesity",0.0194768063648558
"TMEM161B-AS1",5,"rs7703782",87938557,"Obesity",0.0191396290964171
"NR2F1-AS1",5,"rs424482",92907684,"Body fat",0.0252583372191682
"PCSK1, CTD-2337A12.1",5,"rs261966",95849587,"Obesity",0.0238262236433952
"SLCO6A1, PAM, CTC-503K11.2",5,"rs17333350",101814609,"Residual glycaemic",0.0234166503357505
"SLCO6A1, PAM, CTC-503K11.2",5,"rs78408340",102338739,"Body fat",0.0306335073746996
"SLCO6A1, PAM, CTC-503K11.2",5,"rs149802978",102346866,"Beta cell -PI",0.0369233718076035
"CTC-254B4.1",5,"rs295030",106219514,"Residual glycaemic",0.0176732204031688
"NREP, NREP-AS1",5,"rs35658682",111285955,"Obesity",0.0194920937114705
"TNFAIP8",5,"rs1105770",118731247,"Metabolic syndrome",0.0215627519425349
"CEP120",5,"rs12655753",122682812,"Residual glycaemic",0.02263892423214
"CTC-228N24.3",5,"rs6888037",127406259,"Metabolic syndrome",0.0348861764143121
"HSPA4",5,"rs55914434",132395537,"Metabolic syndrome",0.0249942654367016
"JADE2, PHF15",5,"rs329122",133864599,"Beta cell +PI",0.0335242721542619
"JADE2, PHF15",5,"rs319597",134241445,"Body fat",0.0122364985274346
"WNT8A",5,"rs35167448",137434493,"Residual glycaemic",0.0225334399463215
"MFAP3",5,"rs2099044",153548206,"Obesity",0.0131988811497464
"EBF1",5,"rs2963470",158001136,"Lipodystrophy",0.0406402682693233
"AC011343.1",5,"rs17057112",159213685,"Metabolic syndrome",0.0235518979684545
"NSD1, FGFR4",5,"rs3088050",176726635,"Residual glycaemic",0.0260556719245577
"MGAT1",5,"rs117657946",180224259,"Body fat",0.0239603691770471
"GMDS",6,"rs3800120",1894146,"Residual glycaemic",0.0157805150624083
"SSR1, RREB1",6,"rs9379084",7231843,"Residual glycaemic",0.0293075957396324
"SSR1, RREB1",6,"rs2714343",7254957,"Residual glycaemic",0.0281616455811925
"SSR1, RREB1",6,"rs116039287",7315840,"Residual glycaemic",0.026648580458112
"JARID2",6,"rs11751816",15382518,"Body fat",0.0209427941405526
"JARID2",6,"rs727734",15475051,"Residual glycaemic",0.0171537126424313
"CDKAL1",6,"rs6926312",19712293,"Residual glycaemic",0.0173693244774874
"CDKAL1",6,"rs9358336",20466995,"Residual glycaemic",0.0182926922863053
"CDKAL1",6,"rs12206516",20506815,"Body fat",0.0229859267074125
"CDKAL1",6,"rs142609509",20529054,"Metabolic syndrome",0.0209814955002136
"CDKAL1",6,"rs147434309",20577467,"Residual glycaemic",0.0469956549654469
"CDKAL1",6,"rs111564329",20607724,"Beta cell +PI",0.018045953788326
"CDKAL1",6,"rs117656456",20671458,"Body fat",0.014509287761031
"CDKAL1",6,"rs7766070",20686573,"Beta cell +PI",0.0449025088139158
"CDKAL1",6,"rs72832303",20718780,"Beta cell +PI",0.0211501594835159
"CDKAL1",6,"rs140249932",20725365,"Body fat",0.0213827494241466
"CDKAL1",6,"rs117267852",20725955,"Residual glycaemic",0.0154509843006799
"CDKAL1",6,"rs74371219",20772556,"Body fat",0.0175594796641185
"CDKAL1",6,"rs149781755",20808263,"Residual glycaemic",0.0171170032957088
"CDKAL1",6,"rs9465936",20927169,"Beta cell +PI",0.0189758167855211
"CDKAL1",6,"rs114381567",20986915,"Residual glycaemic",0.0216369722997689
"CDKAL1",6,"rs11967298",21079357,"Residual glycaemic",0.0185979813391848
"CDKAL1",6,"rs74387263",21131663,"Residual glycaemic",0.0187816471499903
"RP1-209A6.1",6,"rs16887160",23014446,"Residual glycaemic",0.0143790276187521
"HIST1H4E",6,"rs9358927",26330492,"Obesity",0.0387564185561898
"MICF",6,"rs1150674",28134368,"Metabolic syndrome",0.0230578045315553
"MICF",6,"rs6456865",28852364,"Metabolic syndrome",0.0228626348288416
"MHC region",6,"rs142986308",31112701,"Residual glycaemic",0.022298722936991
"MHC region",6,"rs879882",31139452,"Metabolic syndrome",0.0261815583844537
"MHC region",6,"rs139073773",31241035,"Body fat",0.0159976482535711
"MHC region",6,"rs7755852",31277988,"Residual glycaemic",0.0195982353837564
"MHC region",6,"rs11961408",31317850,"Metabolic syndrome",0.0276078950680298
"MHC region",6,"rs2534653",31491720,"Metabolic syndrome",0.036278218244177
"MHC region",6,"rs1053924",32120715,"Body fat",0.0366990530848226
"MHC region",6,"rs206015",32182759,"Residual glycaemic",0.0284279014781684
"MHC region",6,"rs3806155",32373378,"Beta cell -PI",0.0290275462370048
"MHC region",6,"rs522308",32581922,"Metabolic syndrome",0.0413455793967392
"MHC region",6,"rs2621396",32752913,"Metabolic syndrome",0.0297632579108604
"MHC region",6,"rs2071465",32805470,"Residual glycaemic",0.0274651057289849
"MHC region",6,"rs1705003",33385953,"Obesity",0.0181009162250697
"MHC region",6,"rs75080135",33552707,"Body fat",0.0232455103586188
"MHC region",6,"rs17600959",33802636,"Body fat",0.019043877389668
"MHC region",6,"rs10214450",34190449,"Lipodystrophy",0.0412919243708451
"MHC region",6,"rs4713761",34209281,"Metabolic syndrome",0.0396912054841163
"ZNF76",6,"rs33959228",35259397,"Metabolic syndrome",0.037480354482144
"RP1-90K10.4",6,"rs1321313",36618821,"Metabolic syndrome",0.0300052644802571
"RP1-90K10.4",6,"rs72846863",36911274,"Residual glycaemic",0.0193030596996088
"ZFAND3, KCNK16, KCNK17, GLP1R, USP49, LRFN2",6,"rs12663450",38135730,"Body fat",0.0232515871147355
"ZFAND3, KCNK16, KCNK17, GLP1R, USP49, LRFN2",6,"rs1412265",38953335,"Residual glycaemic",0.0131176253027575
"ZFAND3, KCNK16, KCNK17, GLP1R, USP49, LRFN2",6,"rs10305457",39034095,"Beta cell +PI",0.0187911029844177
"ZFAND3, KCNK16, KCNK17, GLP1R, USP49, LRFN2",6,"rs9366994",39048060,"Residual glycaemic",0.0164094153985737
"ZFAND3, KCNK16, KCNK17, GLP1R, USP49, LRFN2",6,"rs57143316",39069291,"Body fat",0.0185499486756686
"ZFAND3, KCNK16, KCNK17, GLP1R, USP49, LRFN2",6,"rs7751419",39115413,"Residual glycaemic",0.0173595175687417
"ZFAND3, KCNK16, KCNK17, GLP1R, USP49, LRFN2",6,"rs3734618",39284184,"Body fat",0.0243204752054273
"ZFAND3, KCNK16, KCNK17, GLP1R, USP49, LRFN2",6,"rs114635781",39288316,"Beta cell -PI",0.0178053799518983
"ZFAND3, KCNK16, KCNK17, GLP1R, USP49, LRFN2",6,"rs1109772",39288945,"Beta cell -PI",0.0174473665622776
"ZFAND3, KCNK16, KCNK17, GLP1R, USP49, LRFN2",6,"rs9296294",39339561,"Residual glycaemic",0.0183990580108324
"ZFAND3, KCNK16, KCNK17, GLP1R, USP49, LRFN2",6,"rs2504093",39832964,"Residual glycaemic",0.0141105495183576
"ZFAND3, KCNK16, KCNK17, GLP1R, USP49, LRFN2",6,"rs34298980",40409243,"Obesity",0.0175607549084478
"ZFAND3, KCNK16, KCNK17, GLP1R, USP49, LRFN2",6,"rs4711658",41162891,"Residual glycaemic",0.0201839462933935
"ZFAND3, KCNK16, KCNK17, GLP1R, USP49, LRFN2",6,"rs2057069",41681622,"Body fat",0.0138742791817155
"VEGFA",6,"rs2841648",43269179,"Residual glycaemic",0.0227575118084681
"VEGFA",6,"rs833067",43739989,"Body fat",0.022879083173317
"VEGFA",6,"rs6905288",43758873,"Lipodystrophy",0.0548048146583953
"VEGFA",6,"rs2894536",43801878,"Residual glycaemic",0.0185057756212043
"VEGFA",6,"rs6458354",43814190,"Beta cell +PI",0.0516159097833545
"VEGFA",6,"rs72863966",43872093,"Residual glycaemic",0.0148851373148306
"TFAP2B",6,"rs3798519",50788778,"Obesity",0.0341815381839879
"TFAP2B",6,"rs1327271",51215153,"Obesity",0.0176943169596894
"TFAP2B",6,"rs2504706",51258579,"Obesity",0.0173824336482452
"TFAP2B",6,"rs17667073",51429437,"Body fat",0.0183934916237706
"RP3-523E19.2",6,"rs2749014",52627322,"Body fat",0.0368980615172651
"RP3-523E19.2",6,"rs2817111",53125700,"Body fat",0.0170531790305837
"RP3-523E19.2",6,"rs9382231",53639763,"Metabolic syndrome",0.0232860844771354
"EEF1B2P5",6,"rs10943822",64191578,"Residual glycaemic",0.0201390385773348
"SENP6",6,"rs72888748",76433638,"Body fat",0.0185141831526956
"TPBG, UBE3D",6,"rs13207433",83040285,"Residual glycaemic",0.0158187530618895
"TPBG, UBE3D",6,"rs1757856",83473474,"Obesity",0.0172731097109741
"PRDX2P4",6,"rs11155284",100596894,"Body fat",0.0146492247079222
"RP11-427E4.1",6,"rs11755801",105034951,"Metabolic syndrome",0.0206326905415312
"BEND3",6,"rs62427977",107426692,"Metabolic syndrome",0.0228182984657934
"REV3L",6,"rs6568685",111821113,"Body fat",0.017079170649886
"NUS1",6,"rs17078452",117216904,"Body fat",0.0219323857044046
"NUS1",6,"rs72951506",118011723,"Residual glycaemic",0.0144678768024286
"CENPW, SOGA3, RP11-624M8.1",6,"rs9375411",126116953,"Obesity",0.023508713606777
"CENPW, SOGA3, RP11-624M8.1",6,"rs11759026",126792095,"Residual glycaemic",0.0497386804023172
"CENPW, SOGA3, RP11-624M8.1",6,"rs2800733",127416930,"Beta cell +PI",0.033621194121002
"L3MBTL3",6,"rs1415701",130345835,"Metabolic syndrome",0.0371058417765961
"MED23, ENPP3",6,"rs2749924",131927007,"Obesity",0.0184057867768093
"SLC35D3, RPL35AP3",6,"rs6917676",137291296,"Beta cell -PI",0.0150210120218734
"SLC35D3, RPL35AP3",6,"rs9321595",137672375,"Residual glycaemic",0.0151832051220481
"NHSL1, REPS1",6,"rs6905226",138773071,"Residual glycaemic",0.0196638116232544
"NHSL1, REPS1",6,"rs9376353",138855975,"Residual glycaemic",0.0184096685130038
"NHSL1, REPS1",6,"rs9376382",139205386,"Residual glycaemic",0.0191123782852964
"NHSL1, REPS1",6,"rs668459",139835689,"Lipodystrophy",0.0431380272905755
"NHSL1, REPS1",6,"rs17069206",140007877,"Body fat",0.0165919548976706
"NHSL1, REPS1",6,"rs13194747",140320908,"Body fat",0.0187217835853202
"HIVEP2",6,"rs12200517",143020752,"Beta cell -PI",0.0200324986561647
"HIVEP2",6,"rs6570526",143058692,"Residual glycaemic",0.0200513636687941
"HIVEP2",6,"rs11969311",143196518,"Body fat",0.0202862991573502
"ESR1",6,"rs3853248",152139886,"Residual glycaemic",0.0272938728227399
"RGS17",6,"rs9397581",153383590,"Obesity",0.0221031156916555
"OPRM1",6,"rs3778156",154404313,"Obesity",0.0203131390451184
"RP11-230C9.1",6,"rs6905058",156986550,"Residual glycaemic",0.0153780598780102
"SLC22A3",6,"rs487060",160774459,"Metabolic syndrome",0.0445728017815722
"SLC22A3",6,"rs1321850",161694179,"Residual glycaemic",0.0201457511323404
"QKI, RP1-230L10.1",6,"rs34709632",163048380,"Obesity",0.0205680682905578
"QKI, RP1-230L10.1",6,"rs2759398",163885951,"Body fat",0.0208719086330087
"QKI, RP1-230L10.1",6,"rs4709746",164133001,"Lipodystrophy",0.0379121628922125
"PDE10A",6,"rs1021509",166182536,"Metabolic syndrome",0.0242547214514312
"PDE10A",6,"rs77273391",166219191,"Residual glycaemic",0.0206024402882624
"FGFR1OP, RP11-517H2.6",6,"rs9459835",167417551,"Metabolic syndrome",0.017121995835809
"MAD1L1, AC110781.3",7,"rs11766944",1888051,"Obesity",0.0209812302472376
"FOXK1",7,"rs28411900",4691060,"Body fat",0.0292585491294085
"C1GALT1",7,"rs12702586",7211940,"Residual glycaemic",0.0219995651694724
"TMEM106B",7,"rs4721059",12267495,"Metabolic syndrome",0.0261108556618097
"EUM1, DGKB",7,"rs138348096",13829482,"Body fat",0.0173829450292767
"EUM1, DGKB",7,"rs10950494",13892902,"Beta cell -PI",0.0158232949513361
"EUM1, DGKB",7,"rs62454583",13985466,"Body fat",0.0202984865495261
"EUM1, DGKB",7,"rs17168486",14898282,"Body fat",0.0332900628292255
"EUM1, DGKB",7,"rs4719433",15065003,"Beta cell +PI",0.0340124199249202
"EUM1, DGKB",7,"rs17168605",15069018,"Body fat",0.0144240744046936
"EUM1, DGKB",7,"rs38205",15913588,"Metabolic syndrome",0.0194597682800773
"HDAC9",7,"rs302177",18311060,"Body fat",0.016775114227295
"IGF2BP3",7,"rs10259561",22859093,"Body fat",0.0237054948452772
"IGF2BP3",7,"rs73281645",23432286,"Beta cell -PI",0.0160130481352704
"IGF2BP3",7,"rs227941",23602591,"Residual glycaemic",0.0184567346474554
"LOC646588, NFE2L3",7,"rs35274205",25952059,"Metabolic syndrome",0.0291062850171107
"LOC646588, NFE2L3",7,"rs1534696",26397239,"Lipodystrophy",0.0322165843837913
"LOC646588, NFE2L3",7,"rs6968655",26569130,"Body fat",0.014955211379922
"JAZF1",7,"rs74847755",28163358,"Body fat",0.0174450690435143
"JAZF1",7,"rs860262",28194397,"Metabolic syndrome",0.0396718240589674
"CRHR2",7,"rs917195",30728452,"Body fat",0.018846750669851
"AOAH",7,"rs4720212",36735353,"Residual glycaemic",0.0155496404004952
"AC005022.1",7,"rs13222509",41356123,"Obesity",0.022330309963953
"URGCP-MRPS24, AEBP1, GCK, CAMK2B",7,"rs10232743",43910882,"Body fat",0.0159869623837558
"URGCP-MRPS24, AEBP1, GCK, CAMK2B",7,"rs62460065",44151009,"Beta cell +PI",0.0193062640328244
"URGCP-MRPS24, AEBP1, GCK, CAMK2B",7,"rs2908296",44193462,"Metabolic syndrome",0.0218359012623377
"URGCP-MRPS24, AEBP1, GCK, CAMK2B",7,"rs878521",44255643,"Beta cell +PI",0.0815004036493349
"URGCP-MRPS24, AEBP1, GCK, CAMK2B",7,"rs116913033",44365549,"Beta cell -PI",0.0275015068768923
"AC073325.1",7,"rs77211442",45564142,"Beta cell -PI",0.0176415182126545
"AC004899.3, VWC2",7,"rs11983595",48849508,"Body fat",0.0157388913609055
"AC004899.3, VWC2",7,"rs7458670",49592943,"Obesity",0.0165109984127733
"DDC, GRB10",7,"rs2237442",50698549,"Body fat",0.0313571458201252
"DDC, GRB10",7,"rs720068",51023321,"Residual glycaemic",0.021491000282894
"DDC, GRB10",7,"rs735048",51087799,"Metabolic syndrome",0.0178619157298099
"ZNF713, CICP11",7,"rs10249231",55821556,"Body fat",0.0203869972679212
"AUTS2",7,"rs10950177",68771861,"Body fat",0.0172940135337247
"AUTS2",7,"rs7790934",69701965,"Body fat",0.025866499445392
"GTF2I",7,"rs6460047",73042443,"Residual glycaemic",0.0669000499543229
"GTF2I",7,"rs7792074",73432630,"Body fat",0.0191606108914937
"GTF2I",7,"rs35005436",74134911,"Residual glycaemic",0.0311273077738405
"MAGI2, RP5-899E9.1",7,"rs3926926",76558271,"Obesity",0.0250023670842692
"MAGI2, RP5-899E9.1",7,"rs150429692",76727093,"Obesity",0.0257378272331541
"MAGI2, RP5-899E9.1",7,"rs9641219",77044764,"Obesity",0.0206738330971175
"MAGI2, RP5-899E9.1",7,"rs1852006",77829768,"Obesity",0.0198566141721221
"SEMA3D",7,"rs10231441",84646899,"Metabolic syndrome",0.0260088068614639
"STEAP1, AC004969.1",7,"rs39257",89766208,"Beta cell -PI",0.0195630067741446
"CALCR",7,"rs8179",92236164,"Metabolic syndrome",0.0412879185893114
"CALCR",7,"rs76369672",93118736,"Residual glycaemic",0.0293294863564753
"LMTK2",7,"rs9641233",97810918,"Beta cell -PI",0.0231171861906049
"STAG3L5P-PVRIG2P-PILRB, PILRB, ZAN, AP1S1",7,"rs142520867",99949801,"Body fat",0.012695737009005
"STAG3L5P-PVRIG2P-PILRB, PILRB, ZAN, AP1S1",7,"rs4727462",100327089,"Beta cell +PI",0.0314014814583023
"STAG3L5P-PVRIG2P-PILRB, PILRB, ZAN, AP1S1",7,"rs6969685",100795746,"Obesity",0.0279496297987748
"RASA4, FBXL13, RELN, DNAJC2",7,"rs12534945",102058179,"Beta cell -PI",0.0201854001628624
"RASA4, FBXL13, RELN, DNAJC2",7,"rs76999373",102333858,"Residual glycaemic",0.0237344921709424
"RASA4, FBXL13, RELN, DNAJC2",7,"rs7781557",102481891,"Beta cell -PI",0.0222881877818433
"RASA4, FBXL13, RELN, DNAJC2",7,"rs62484946",102553366,"Beta cell -PI",0.0205004260512973
"RASA4, FBXL13, RELN, DNAJC2",7,"rs262350",103420708,"Obesity",0.0135180056076992
"LHFPL3",7,"rs73186041",104916716,"Body fat",0.0175349511356166
"PRKAR2B",7,"rs7808028",106714709,"Metabolic syndrome",0.0196608036206618
"RP11-736E3.1",7,"rs3906052",112882514,"Obesity",0.0197816467970015
"CTTNBP2",7,"rs13239186",117510621,"Body fat",0.0137844498398415
"GRM8, GCC1, PAX4, LEP",7,"rs150715188",126725677,"Residual glycaemic",0.0199981289233891
"GRM8, GCC1, PAX4, LEP",7,"rs139034871",127200646,"Body fat",0.0258004731570172
"GRM8, GCC1, PAX4, LEP",7,"rs62483173",127230676,"Residual glycaemic",0.0192955834131313
"GRM8, GCC1, PAX4, LEP",7,"rs2233580",127253550,"Residual glycaemic",0.0242833428224193
"GRM8, GCC1, PAX4, LEP",7,"rs3824004",127253551,"Body fat",0.0157106442586119
"GRM8, GCC1, PAX4, LEP",7,"rs34821625",127902159,"Body fat",0.0129827759686647
"GRM8, GCC1, PAX4, LEP",7,"rs76485553",127911623,"Residual glycaemic",0.0354213944833385
"KLF14",7,"rs11557287",129395751,"Body fat",0.0205068968052887
"KLF14",7,"rs77792157",130025713,"Metabolic syndrome",0.0197106772274941
"KLF14",7,"rs4731702",130433384,"Lipodystrophy",0.0518809370798458
"BRAF",7,"rs13438418",140628735,"Residual glycaemic",0.0184359754707367
"CUL1, CNTNAP2",7,"rs6972751",149180500,"Body fat",0.0183718864127332
"AOC1",7,"rs55681398",150308848,"Metabolic syndrome",0.0265424305351203
"AOC1",7,"rs62492368",150537635,"Lipodystrophy",0.0310952796046904
"AOC1",7,"rs17857291",150812683,"Obesity",0.0185549306518948
"MNX1, UBE3C",7,"rs184163936",156781472,"Body fat",0.0218583989622868
"MNX1, UBE3C",7,"rs887609",156794983,"Body fat",0.016541892014687
"MNX1, UBE3C",7,"rs78596384",156801700,"Residual glycaemic",0.0165030280269331
"MNX1, UBE3C",7,"rs6956046",156962874,"Residual glycaemic",0.0222334428190941
"MFHAS1, RP11-115J16.2, XKR6, MSRA",8,"rs9987289",9183358,"Lipodystrophy",0.104198452315807
"MFHAS1, RP11-115J16.2, XKR6, MSRA",8,"rs62496161",9278574,"Residual glycaemic",0.0238126126140043
"MFHAS1, RP11-115J16.2, XKR6, MSRA",8,"rs17708276",10199548,"Obesity",0.0281826880377675
"MFHAS1, RP11-115J16.2, XKR6, MSRA",8,"rs10086521",10783769,"Obesity",0.0381308853951222
"LONRF1, RP11-252C15.1, SGCZ",8,"rs12680692",12618225,"Metabolic syndrome",0.0249430223871249
"LONRF1, RP11-252C15.1, SGCZ",8,"rs10087481",13508312,"Residual glycaemic",0.0159851002487315
"LONRF1, RP11-252C15.1, SGCZ",8,"rs13262285",14125920,"Obesity",0.0189179212128898
"ASAH1",8,"rs1978054",17868521,"Metabolic syndrome",0.0177539815083807
"LPL",8,"rs80073370",19833156,"Lipodystrophy",0.0869276310721322
"BIN3",8,"rs4872527",22496048,"Metabolic syndrome",0.0202130331954191
"RP11-175E9.1",8,"rs17089546",23571807,"Metabolic syndrome",0.0185304976343145
"EBF2",8,"rs73221948",25464670,"Residual glycaemic",0.0699531375511854
"EBF2",8,"rs17818197",25872634,"Residual glycaemic",0.0289321899942654
"RP11-380I10.3",8,"rs13250825",28121724,"Obesity",0.0146608814417966
"PURG",8,"rs2042073",30835535,"Obesity",0.0177365638072114
"RP11-258J10.1",8,"rs7844647",34503776,"Obesity",0.0197026588121078
"ZNF703, RP11-150O12.1, FGFR1, KCNU1",8,"rs10092900",36854711,"Residual glycaemic",0.0355633995354621
"ZNF703, RP11-150O12.1, FGFR1, KCNU1",8,"rs12680217",37397803,"Metabolic syndrome",0.0210278347947962
"ZNF703, RP11-150O12.1, FGFR1, KCNU1",8,"rs60128210",38351310,"Residual glycaemic",0.0231622572372301
"ANK1, NKX6-3",8,"rs78623944",41227207,"Residual glycaemic",0.0173375733704154
"ANK1, NKX6-3",8,"rs7012759",41380224,"Residual glycaemic",0.0163701255607919
"ANK1, NKX6-3",8,"rs75445792",41500399,"Beta cell -PI",0.0190576354776415
"ANK1, NKX6-3",8,"rs11996576",41503003,"Residual glycaemic",0.0275389742601934
"ANK1, NKX6-3",8,"rs150015181",41509070,"Beta cell -PI",0.0153354402104456
"ANK1, NKX6-3",8,"rs508419",41522991,"Beta cell -PI",0.0324329715291465
"ANK1, NKX6-3",8,"rs117271404",41540810,"Beta cell -PI",0.0203348652569011
"ANK1, NKX6-3",8,"rs4454259",41903402,"Body fat",0.01960868163391
"PENK, RP11-17A4.1",8,"rs74942620",57499986,"Residual glycaemic",0.0189533301417181
"RP11-1102P16.1",8,"rs10096191",72419498,"Metabolic syndrome",0.0339520474198713
"KCNB2",8,"rs7845090",73449940,"Obesity",0.017679448758604
"GDAP1, STAU2",8,"rs140727097",74680416,"Obesity",0.0244387462299613
"GDAP1, STAU2",8,"rs7813042",75201983,"Beta cell -PI",0.0178532301704148
"AC016194.1",8,"rs2920928",76676187,"Obesity",0.0251607686067753
"Y_RNA",8,"rs16907751",81375457,"Obesity",0.0220256438083139
"RALYL",8,"rs13266372",85626666,"Body fat",0.0206244596184681
"CNBD1",8,"rs2336987",88301558,"Body fat",0.0170686707761327
"TP53INP1, RP11-347C18.3",8,"rs2722885",95696130,"Beta cell +PI",0.0267968300103365
"TP53INP1, RP11-347C18.3",8,"rs2879813",95960947,"Body fat",0.0249045322681733
"TP53INP1, RP11-347C18.3",8,"rs117440460",96002243,"Residual glycaemic",0.0183804276256682
"RP11-44N17.2, CPQ",8,"rs2514530",97174637,"Residual glycaemic",0.015841617515899
"AZIN1",8,"rs2679745",103876325,"Metabolic syndrome",0.0263126914714164
"RP11-127H5.1",8,"rs28627996",105585028,"Body fat",0.019255334556703
"RP11-127H5.1",8,"rs112515915",105662373,"Residual glycaemic",0.0153660908312735
"RP11-127H5.1",8,"rs3779767",106432213,"Obesity",0.0162194825700076
"TRHR",8,"rs7821463",110112887,"Obesity",0.0196931803798389
"TRPS1",8,"rs4599845",116593598,"Obesity",0.0463376405086937
"TRPS1",8,"rs720928",116697876,"Obesity",0.0390934800567884
"SLC30A8",8,"rs78086284",118026341,"Beta cell +PI",0.0172960443599849
"SLC30A8",8,"rs147643814",118070958,"Beta cell -PI",0.01821438444798
"SLC30A8",8,"rs4876702",118121734,"Body fat",0.0209970956823963
"SLC30A8",8,"rs10088883",118141288,"Residual glycaemic",0.0143275988847417
"SLC30A8",8,"rs73317613",118143152,"Residual glycaemic",0.0188112653601719
"SLC30A8",8,"rs13266634",118184783,"Beta cell +PI",0.0604944207389332
"SLC30A8",8,"rs117215804",118221217,"Body fat",0.0175006337953476
"RP11-713M15.2, RP11-3G20.1",8,"rs10955992",121872464,"Body fat",0.0239425806336017
"RP11-713M15.2, RP11-3G20.1",8,"rs16895840",122684740,"Residual glycaemic",0.0164299557257704
"ZHX2",8,"rs4871304",123801257,"Beta cell -PI",0.0215407763374324
"TRIB1",8,"rs6470361",126510338,"Lipodystrophy",0.0409831968927133
"TRIB1",8,"rs13273592",126645810,"Metabolic syndrome",0.029581907239642
"PVT1, CASC11, RP11-89M16.1",8,"rs17772814",128711742,"Beta cell -PI",0.0150469855250688
"PVT1, CASC11, RP11-89M16.1",8,"rs7824269",129552344,"Residual glycaemic",0.0188064304269679
"EFR3A",8,"rs7828631",132875320,"Residual glycaemic",0.0227149106064052
"AC083843.1",8,"rs12548678",135786277,"Metabolic syndrome",0.0166704654566754
"RNU6-144P",8,"rs73712230",138215488,"Residual glycaemic",0.0187243044238189
"RP11-953B20.1",8,"rs10096860",143138709,"Body fat",0.0198390962537795
"BOP1, HSF1",8,"rs13267937",144506133,"Beta cell -PI",0.0246339128582942
"BOP1, HSF1",8,"rs149587589",145173169,"Residual glycaemic",0.0140663701898312
"BOP1, HSF1",8,"rs3757974",145545546,"Beta cell +PI",0.0228721340008931
"BOP1, HSF1",8,"rs7015203",145976021,"Metabolic syndrome",0.0181500801837131
"DMRT2",9,"rs7870869",1036193,"Metabolic syndrome",0.0259277322643635
"GLIS3",9,"rs145500238",4248138,"Beta cell -PI",0.0198094968754386
"GLIS3",9,"rs4237150",4290085,"Beta cell +PI",0.0334890488818698
"PTPRD",9,"rs7872172",8284965,"Residual glycaemic",0.0181395307793536
"NFIB",9,"rs4740559",14130239,"Body fat",0.0262248052674144
"BNC2",9,"rs1029016",16656909,"Body fat",0.0178442980397953
"BNC2",9,"rs1330303",16715826,"Obesity",0.0214685398591749
"HAUS6",9,"rs12380322",19074538,"Beta cell -PI",0.0186495925454496
"FOCAD, CDKN2A, CDKN2B",9,"rs6475477",20815907,"Residual glycaemic",0.0177918682572421
"FOCAD, CDKN2A, CDKN2B",9,"rs28521526",21167181,"Residual glycaemic",0.0165265236364651
"FOCAD, CDKN2A, CDKN2B",9,"rs1101330",22015465,"Residual glycaemic",0.0242258976093415
"FOCAD, CDKN2A, CDKN2B",9,"rs77728904",22057530,"Residual glycaemic",0.0218347222528758
"FOCAD, CDKN2A, CDKN2B",9,"rs139149176",22129902,"Residual glycaemic",0.0246239361452684
"FOCAD, CDKN2A, CDKN2B",9,"rs10811661",22134094,"Beta cell +PI",0.0322432889781183
"FOCAD, CDKN2A, CDKN2B",9,"rs12555274",22136440,"Beta cell -PI",0.0263814248899378
"FOCAD, CDKN2A, CDKN2B",9,"rs183862911",22161977,"Body fat",0.0170136279875698
"FOCAD, CDKN2A, CDKN2B",9,"rs1575972",22301092,"Residual glycaemic",0.0163726436216617
"FOCAD, CDKN2A, CDKN2B",9,"rs1472495",22584584,"Residual glycaemic",0.0116512480660412
"FOCAD, CDKN2A, CDKN2B",9,"rs12553324",23347865,"Obesity",0.019179395645606
"LINGO2",9,"rs17770336",28414625,"Obesity",0.0209089416424586
"SLC25A6P2, RNA5SP281",9,"rs10813516",31222420,"Obesity",0.0199493030852432
"SLC25A6P2, RNA5SP281",9,"rs10970761",32094193,"Body fat",0.0143032067861092
"UBAP2",9,"rs72709688",33658383,"Residual glycaemic",0.0182647095416456
"UBAP2",9,"rs12001437",34074476,"Obesity",0.028693218404007
"GBA2",9,"rs10758321",35767753,"Residual glycaemic",0.0239665647058588
"RP11-220I1.1",9,"rs6476613",37084340,"Obesity",0.0181826141441754
"MTND2P8, TLE4",9,"rs1888832",81324935,"Obesity",0.0207142299321716
"MTND2P8, TLE4",9,"rs67269808",81907986,"Body fat",0.0187695655386085
"TLE1, RP11-154D17.1",9,"rs7861609",83992174,"Residual glycaemic",0.017652603274459
"TLE1, RP11-154D17.1",9,"rs815843",84241308,"Residual glycaemic",0.0196121739108383
"TLE1, RP11-154D17.1",9,"rs2796441",84308948,"Beta cell +PI",0.0336763786786747
"RP11-1E11.2",9,"rs2814834",90815483,"Metabolic syndrome",0.0190920778491252
"RP11-476B13.2",9,"rs10992408",95444800,"Metabolic syndrome",0.0193359520800268
"C9orf3, ZNF169, PTCH1",9,"rs10821304",96910815,"Body fat",0.0250571420811237
"C9orf3, ZNF169, PTCH1",9,"rs10121760",97828989,"Residual glycaemic",0.0171914981639803
"C9orf3, ZNF169, PTCH1",9,"rs113154802",98278413,"Body fat",0.0363697181304051
"ABCA1",9,"rs4556142",107734714,"Metabolic syndrome",0.0278999296210188
"EPB41L4B",9,"rs4978775",111937507,"Obesity",0.0213499235194308
"COL27A1",9,"rs10116566",116664845,"Residual glycaemic",0.0165159240092583
"COL27A1",9,"rs1044531",117098650,"Lipodystrophy",0.0343643378733732
"COL27A1",9,"rs2274162",117187569,"Obesity",0.0367437958604871
"ASTN2",9,"rs7030607",119245183,"Metabolic syndrome",0.0233450675552545
"STRBP, ZBTB26",9,"rs700059",125824055,"Metabolic syndrome",0.0291903513442145
"STRBP, ZBTB26",9,"rs7851052",126179204,"Obesity",0.0237422787732329
"STRBP, ZBTB26",9,"rs2479106",126525212,"Obesity",0.0233950858109924
"LMX1B",9,"rs59427698",129425745,"Body fat",0.0188581480951596
"LMX1B",9,"rs35632228",129460727,"Obesity",0.0202215716582795
"URM1",9,"rs11999061",131133347,"Body fat",0.0211360993156195
"FIBCD1",9,"rs10113902",133788450,"Obesity",0.018695923499154
"MED27",9,"rs4382592",134870755,"Obesity",0.021349906814916
"ABO, LINC00094",9,"rs505922",136149229,"Beta cell +PI",0.179391090680423
"ABO, LINC00094",9,"rs459571",136912626,"Beta cell -PI",0.0243820660979912
"ABO, LINC00094",9,"rs72619339",137176332,"Metabolic syndrome",0.0187404777567625
"GPSM1",9,"rs28533815",139241828,"Metabolic syndrome",0.02923674292298
"GPSM1",9,"rs77813615",139245194,"Body fat",0.0170463737989601
"GPSM1",9,"rs7022365",139505720,"Residual glycaemic",0.015818076906467
"RN7SL232P, CDC123, CAMK1D",10,"rs11257562",12181762,"Residual glycaemic",0.016656719747573
"RN7SL232P, CDC123, CAMK1D",10,"rs11257655",12307894,"Beta cell -PI",0.0229279762950964
"RN7SL232P, CDC123, CAMK1D",10,"rs2997064",12390116,"Body fat",0.0197045637725945
"RN7SL232P, CDC123, CAMK1D",10,"rs2815657",12548710,"Residual glycaemic",0.0144783876267177
"BEND7",10,"rs11258435",13568857,"Obesity",0.0175631291480655
"PTF1A",10,"rs72802150",23478634,"Residual glycaemic",0.0193427760671144
"PTF1A",10,"rs117414485",23578177,"Residual glycaemic",0.0230478038406695
"MYO3A",10,"rs11819063",26493792,"Beta cell -PI",0.022154941548677
"RP11-492M23.2",10,"rs35575195",29203067,"Residual glycaemic",0.0120643473257976
"RP13-259N13.2",10,"rs75888368",34000712,"Obesity",0.0190262341613539
"ZNF239",10,"rs2393960",44043354,"Body fat",0.010982379407589
"FRMPD2",10,"rs2438988",49370090,"Residual glycaemic",0.0150748888442779
"A1CF",10,"rs12570156",52609008,"Beta cell -PI",0.0226176307967894
"PCDH15",10,"rs11598843",55770901,"Obesity",0.0194090260886181
"ARID5B",10,"rs76804656",63724787,"Beta cell -PI",0.0231838063937017
"JMJD1C",10,"rs1046521",64914467,"Residual glycaemic",0.0493775026327919
"JMJD1C",10,"rs59050225",64950110,"Body fat",0.0269263294193766
"TFK1, TSPAN15, VPS26A, NEUROG3",10,"rs2664419",70378139,"Body fat",0.0274462685995759
"TFK1, TSPAN15, VPS26A, NEUROG3",10,"rs17476364",71094504,"Beta cell +PI",0.106678595761672
"TFK1, TSPAN15, VPS26A, NEUROG3",10,"rs2999170",71303133,"Residual glycaemic",0.0181041987229315
"TFK1, TSPAN15, VPS26A, NEUROG3",10,"rs187201965",71314539,"Body fat",0.0250302033031185
"TFK1, TSPAN15, VPS26A, NEUROG3",10,"rs177045",71321279,"Residual glycaemic",0.0212037997895426
"TFK1, TSPAN15, VPS26A, NEUROG3",10,"rs41277236",71332301,"Body fat",0.0142115089049557
"TFK1, TSPAN15, VPS26A, NEUROG3",10,"rs190597808",71355697,"Body fat",0.022663857716977
"TFK1, TSPAN15, VPS26A, NEUROG3",10,"rs34673046",71446231,"Residual glycaemic",0.0155501270486182
"TFK1, TSPAN15, VPS26A, NEUROG3",10,"rs2395023",71456311,"Residual glycaemic",0.0140546561725487
"TFK1, TSPAN15, VPS26A, NEUROG3",10,"rs2812539",71465359,"Body fat",0.0160390692939289
"PCBD1",10,"rs1683935",72599167,"Residual glycaemic",0.0233831789821254
"CAMK2G",10,"rs7080579",75504029,"Obesity",0.0255485374685684
"ZNF503, LRMDA",10,"rs3012060",77244336,"Residual glycaemic",0.0246898084829094
"ZNF503, LRMDA",10,"rs7099048",77647107,"Obesity",0.0197086312952132
"ZMIZ1",10,"rs3844124",80447547,"Residual glycaemic",0.00990482011475986
"ZMIZ1",10,"rs77969702",80932860,"Residual glycaemic",0.0135445443035718
"ZMIZ1",10,"rs697239",80947438,"Body fat",0.0206641554720182
"ZMIZ1",10,"rs11002892",81011589,"Body fat",0.019660912679612
"ZMIZ1",10,"rs1250551",81059335,"Body fat",0.0209827464714291
"GRID1",10,"rs10788495",88113615,"Obesity",0.0167245536668762
"PTEN",10,"rs926091",89721412,"Metabolic syndrome",0.0233246320041967
"RP11-80H5.9",10,"rs34379399",91443283,"Residual glycaemic",0.0177307837054925
"BTAF1, MYOF, HHEX, IDE",10,"rs61876142",93445675,"Residual glycaemic",0.0177333221141334
"BTAF1, MYOF, HHEX, IDE",10,"rs2259049",94155499,"Residual glycaemic",0.0189517116925271
"BTAF1, MYOF, HHEX, IDE",10,"rs146668074",94208781,"Residual glycaemic",0.0227707111722121
"BTAF1, MYOF, HHEX, IDE",10,"rs145222716",94278685,"Residual glycaemic",0.0156874193582067
"BTAF1, MYOF, HHEX, IDE",10,"rs140778879",94336585,"Residual glycaemic",0.0203204048172182
"BTAF1, MYOF, HHEX, IDE",10,"rs145532103",94439041,"Residual glycaemic",0.0206076726019857
"BTAF1, MYOF, HHEX, IDE",10,"rs1977833",94463945,"Metabolic syndrome",0.0273256994293372
"BTAF1, MYOF, HHEX, IDE",10,"rs143135397",94485260,"Residual glycaemic",0.0192503572952683
"BTAF1, MYOF, HHEX, IDE",10,"rs117526461",94488695,"Body fat",0.0206258400662036
"BTAF1, MYOF, HHEX, IDE",10,"rs11187151",94494460,"Body fat",0.0174028987071648
"BTAF1, MYOF, HHEX, IDE",10,"rs7896332",94542610,"Metabolic syndrome",0.035542813372699
"RP11-452K12.4, ARHGAP19, SLIT1",10,"rs10748694",99056190,"Obesity",0.0229573854962602
"ERLIN1, RNU2-43P",10,"rs2862954",101912064,"Obesity",0.0611958794337623
"ERLIN1, RNU2-43P",10,"rs61607357",102420598,"Obesity",0.0141566164907999
"ERLIN1, RNU2-43P",10,"rs625039",102993649,"Residual glycaemic",0.0166085289183334
"RNU6-1231P",10,"rs3123794",105033742,"Metabolic syndrome",0.0208635153857535
"BBIP1",10,"rs7067540",112621837,"Residual glycaemic",0.0170111571066743
"BBIP1",10,"rs11195508",113046379,"Body fat",0.0257318457363464
"TCF7L2",10,"rs11196122",114593006,"Beta cell +PI",0.0215472816820485
"TCF7L2",10,"rs1327692",114609063,"Beta cell +PI",0.0169839859426034
"TCF7L2",10,"rs149911199",114703335,"Body fat",0.0246352670765762
"TCF7L2",10,"rs149106073",114709925,"Body fat",0.0188457397008884
"TCF7L2",10,"rs78277257",114710876,"Residual glycaemic",0.0161490987289526
"TCF7L2",10,"rs116313472",114721774,"Beta cell +PI",0.0224031955766783
"TCF7L2",10,"rs190373810",114731360,"Beta cell +PI",0.0154061651789449
"TCF7L2",10,"rs114322470",114736670,"Residual glycaemic",0.0161632393166151
"TCF7L2",10,"rs181345902",114747513,"Body fat",0.0172349546723868
"TCF7L2",10,"rs117987174",114756459,"Body fat",0.0189855837881299
"TCF7L2",10,"rs7903146",114758349,"Beta cell +PI",0.0757905575048541
"TCF7L2",10,"rs61872774",114765390,"Beta cell +PI",0.0188596594889472
"TCF7L2",10,"rs79369780",114765469,"Body fat",0.0186725515444005
"TCF7L2",10,"rs140908036",114770644,"Metabolic syndrome",0.0193105886936364
"TCF7L2",10,"rs180726800",114784926,"Beta cell +PI",0.0198142861776274
"TCF7L2",10,"rs118046020",114790073,"Metabolic syndrome",0.0209597543539618
"TCF7L2",10,"rs72826093",114793595,"Metabolic syndrome",0.018223825620363
"TCF7L2",10,"rs140658764",114793907,"Beta cell +PI",0.0181013447721672
"TCF7L2",10,"rs17685538",114797471,"Beta cell +PI",0.0166784321129448
"TCF7L2",10,"rs149092094",114815454,"Beta cell +PI",0.0140324382172463
"TCF7L2",10,"rs7070182",114822698,"Beta cell +PI",0.0159210396753427
"TCF7L2",10,"rs112694314",114828594,"Residual glycaemic",0.0176823804026261
"TCF7L2",10,"rs11196216",114829769,"Beta cell +PI",0.0231877888725847
"TCF7L2",10,"rs145003494",114834411,"Residual glycaemic",0.018877980111008
"TCF7L2",10,"rs116929578",114836181,"Beta cell +PI",0.0168599391765555
"TCF7L2",10,"rs7069881",114838872,"Beta cell +PI",0.0235560804319902
"TCF7L2",10,"rs137986049",114842024,"Beta cell +PI",0.0174747444233036
"TCF7L2",10,"rs193023456",114871695,"Residual glycaemic",0.0197919982164712
"TCF7L2",10,"rs290476",114873727,"Residual glycaemic",0.0176090421931815
"TCF7L2",10,"rs143876660",114881845,"Beta cell +PI",0.0178320385880645
"TCF7L2",10,"rs290490",114906714,"Residual glycaemic",0.0147515580095192
"TCF7L2",10,"rs740746",115792787,"Body fat",0.0370666071185001
"RP11-355F22.1",10,"rs10787798",119584045,"Residual glycaemic",0.0150619293091859
"SEC23IP",10,"rs12269193",121574535,"Body fat",0.0200441877768963
"WDR11, FGFR2",10,"rs11199755",122836858,"Residual glycaemic",0.0280039638319573
"WDR11, FGFR2",10,"rs10886863",122929493,"Residual glycaemic",0.0285083515593261
"WDR11, FGFR2",10,"rs1907225",122975633,"Lipodystrophy",0.0306919636835668
"PLEKHA1",10,"rs2421021",124157046,"Metabolic syndrome",0.0312338653806027
"RP11-282I1.1",10,"rs7914985",125235747,"Body fat",0.0210379298238339
"INS, IGF2, KCNQ1, TH",11,"rs2334499",1696849,"Residual glycaemic",0.0188176830208636
"INS, IGF2, KCNQ1, TH",11,"rs76074250",2073182,"Metabolic syndrome",0.0230840756555846
"INS, IGF2, KCNQ1, TH",11,"rs7933888",2122617,"Residual glycaemic",0.0391967038229372
"INS, IGF2, KCNQ1, TH",11,"rs1124699",2164990,"Residual glycaemic",0.0341112723147345
"INS, IGF2, KCNQ1, TH",11,"rs3842726",2185127,"Residual glycaemic",0.0143645690226175
"INS, IGF2, KCNQ1, TH",11,"rs4929965",2197286,"Obesity",0.028560091331484
"INS, IGF2, KCNQ1, TH",11,"rs143000786",2238751,"Residual glycaemic",0.0143445871144563
"INS, IGF2, KCNQ1, TH",11,"rs181911080",2269939,"Residual glycaemic",0.0225673697466991
"INS, IGF2, KCNQ1, TH",11,"rs79696944",2283950,"Metabolic syndrome",0.0174256785078856
"INS, IGF2, KCNQ1, TH",11,"rs718579",2497501,"Body fat",0.0114164979038927
"INS, IGF2, KCNQ1, TH",11,"rs2283164",2579163,"Body fat",0.0198509042119142
"INS, IGF2, KCNQ1, TH",11,"rs2283167",2580063,"Body fat",0.0125243805062647
"INS, IGF2, KCNQ1, TH",11,"rs4930141",2639985,"Body fat",0.019522974277705
"INS, IGF2, KCNQ1, TH",11,"rs2073957",2684662,"Residual glycaemic",0.0259586367205965
"INS, IGF2, KCNQ1, TH",11,"rs231362",2691471,"Metabolic syndrome",0.0230358052727382
"INS, IGF2, KCNQ1, TH",11,"rs35889184",2692506,"Residual glycaemic",0.0168597387792564
"INS, IGF2, KCNQ1, TH",11,"rs2283205",2741327,"Body fat",0.0157924963848005
"INS, IGF2, KCNQ1, TH",11,"rs11023938",2756965,"Residual glycaemic",0.0147177306613231
"INS, IGF2, KCNQ1, TH",11,"rs2237884",2799679,"Body fat",0.0238975029325043
"INS, IGF2, KCNQ1, TH",11,"rs57274815",2825029,"Residual glycaemic",0.025993705600336
"INS, IGF2, KCNQ1, TH",11,"rs140400323",2834461,"Residual glycaemic",0.0179208308506955
"INS, IGF2, KCNQ1, TH",11,"rs234860",2853502,"Body fat",0.0206307401933674
"INS, IGF2, KCNQ1, TH",11,"rs61869847",2857024,"Body fat",0.0187789573329759
"INS, IGF2, KCNQ1, TH",11,"rs76868685",2858014,"Residual glycaemic",0.0199004702521642
"INS, IGF2, KCNQ1, TH",11,"rs2237897",2858546,"Beta cell +PI",0.0327948014420402
"INS, IGF2, KCNQ1, TH",11,"rs4930013",2862159,"Beta cell +PI",0.0239458769272524
"INS, IGF2, KCNQ1, TH",11,"rs45477500",2869452,"Body fat",0.0217256237548571
"INS, IGF2, KCNQ1, TH",11,"rs35723063",2875965,"Residual glycaemic",0.0163551283635949
"INS, IGF2, KCNQ1, TH",11,"rs116500286",2884310,"Residual glycaemic",0.0191399094481514
"INS, IGF2, KCNQ1, TH",11,"rs77355428",2895266,"Residual glycaemic",0.023170843351325
"INS, IGF2, KCNQ1, TH",11,"rs76653898",2911047,"Residual glycaemic",0.0269915973182348
"TRIM66, SBF2",11,"rs2168101",8255408,"Residual glycaemic",0.031373768731017
"TRIM66, SBF2",11,"rs7110529",8687710,"Obesity",0.0204132529295208
"TRIM66, SBF2",11,"rs10743108",9537904,"Residual glycaemic",0.0178198993915407
"TRIM66, SBF2",11,"rs3910384",9599943,"Body fat",0.0165507060543668
"TRIM66, SBF2",11,"rs76789970",9856015,"Body fat",0.0242534138277988
"TRIM66, SBF2",11,"rs7122422",10067262,"Body fat",0.0278888248441953
"ARNTL",11,"rs7949336",13319894,"Body fat",0.0245819831092823
"PDE3B, COPB1",11,"rs118115876",14671396,"Residual glycaemic",0.0192345766199812
"KCNJ11, ABCC8",11,"rs5215",17408630,"Beta cell -PI",0.0339421902722488
"NELL1",11,"rs16907058",20952237,"Obesity",0.0174320236459868
"BDNF",11,"rs112220894",27690399,"Obesity",0.0365369340919783
"BDNF",11,"rs4923542",28507389,"Beta cell -PI",0.0257558298406592
"BDNF",11,"rs486129",28721656,"Obesity",0.0201328130988166
"MPPED2, RP5-1024C24.1",11,"rs2786257",30340725,"Obesity",0.0183854993704029
"MPPED2, RP5-1024C24.1",11,"rs11031140",30608133,"Obesity",0.023941850133576
"QSER1",11,"rs7115190",32441377,"Body fat",0.0337428921641716
"QSER1",11,"rs145678014",32927778,"Obesity",0.0201095746074161
"SLC1A2, PDHX, APIP",11,"rs2956088",34905847,"Body fat",0.018351546230643
"SLC1A2, PDHX, APIP",11,"rs58090211",35433712,"Residual glycaemic",0.0351692954553789
"HSD17B12",11,"rs3736505",43876435,"Obesity",0.0185555957567972
"HSD17B12",11,"rs7115013",43934592,"Obesity",0.0239097319536555
"CRY2",11,"rs12419690",45858584,"Beta cell -PI",0.0337211529946474
"C11orf49, NUP160",11,"rs71474196",46977160,"Beta cell +PI",0.0844938177264953
"C11orf49, NUP160",11,"rs2125838",47811933,"Obesity",0.0602267229386924
"RP11-61N20.3",11,"rs6485981",49477266,"Obesity",0.018264506920264
"OR5D18",11,"rs11230823",55510606,"Body fat",0.0161733421126356
"OR5B17",11,"rs12418866",57811314,"Body fat",0.029144293280924
"OR5B17",11,"rs17489568",58390007,"Residual glycaemic",0.0135242063036105
"FEN1",11,"rs2943800",61245614,"Body fat",0.0167557963679956
"FEN1",11,"rs174541",61565908,"Beta cell +PI",0.0770442985142542
"AP003774.1",11,"rs35169799",64031241,"Lipodystrophy",0.0360781777032875
"MAP3K11, LTBP3",11,"rs12789028",65326154,"Obesity",0.0272766910092571
"MAP3K11, LTBP3",11,"rs72924707",65576803,"Obesity",0.0178963991668923
"MAP3K11, LTBP3",11,"rs3814738",66060538,"Body fat",0.0201878814403903
"TPCN2, CCND1",11,"rs3750971",68830707,"Metabolic syndrome",0.0165956553096763
"TPCN2, CCND1",11,"rs28599796",69088374,"Lipodystrophy",0.0364868991888421
"TPCN2, CCND1",11,"rs3918292",69457547,"Residual glycaemic",0.0185977639465021
"TPCN2, CCND1",11,"rs3918298",69463273,"Beta cell +PI",0.027216738576537
"TPCN2, CCND1",11,"rs12281701",69475628,"Body fat",0.0220748813429054
"CENTD2, ARAP1",11,"rs77464186",72460398,"Beta cell -PI",0.134969318135489
"C11orf30",11,"rs512780",74545378,"Residual glycaemic",0.0198676947165974
"C11orf30",11,"rs673335",75450576,"Residual glycaemic",0.0492597601694498
"C11orf30",11,"rs17749202",75897374,"Body fat",0.016478938739702
"C11orf30",11,"rs61894507",76156973,"Residual glycaemic",0.0271479240653284
"TENM4",11,"rs569296",79027802,"Body fat",0.0158828710742268
"MTNR1B",11,"rs61901515",92669186,"Beta cell +PI",0.024703793109911
"MTNR1B",11,"rs10830963",92708710,"Beta cell +PI",0.0908264567701015
"MTNR1B",11,"rs11020132",92716824,"Beta cell +PI",0.0169379291858285
"MTNR1B",11,"rs271035",92731478,"Residual glycaemic",0.0219831810907191
"MTNR1B",11,"rs141307757",92978858,"Residual glycaemic",0.0213693667277183
"MTNR1B",11,"rs57235767",93013531,"Beta cell -PI",0.0153581670994051
"DYNC2H1",11,"rs634366",103020971,"Obesity",0.0175683391494847
"NCAM1",11,"rs10891494",112913053,"Body fat",0.0215998054491224
"AP006216.5",11,"rs6589571",116680418,"Metabolic syndrome",0.0611050666876719
"FXYD6, FXYD2",11,"rs529623",117693255,"Residual glycaemic",0.0187740983870346
"HMBS",11,"rs1614264",118942638,"Obesity",0.0247649284533422
"ETS1",11,"rs10893829",128042575,"Residual glycaemic",0.0184029791354517
"ETS1",11,"rs34086018",128204110,"Body fat",0.016312963471338
"ETS1",11,"rs7104712",128235252,"Body fat",0.0160976780429748
"ETS1",11,"rs11819995",128389391,"Body fat",0.0185665173950553
"ETS1",11,"rs3935795",128390791,"Metabolic syndrome",0.0170787227301657
"CCDC77",12,"rs2007537",504797,"Residual glycaemic",0.031419396889216
"CCND2",12,"rs10848958",4031104,"Body fat",0.0185814671533106
"CCND2",12,"rs75640507",4241118,"Beta cell -PI",0.019924275251493
"CCND2",12,"rs11063029",4301301,"Body fat",0.0152782527779407
"CCND2",12,"rs4140660",4310220,"Residual glycaemic",0.0226559462199244
"CCND2",12,"rs10219589",4340575,"Body fat",0.0187619550164475
"CCND2",12,"rs117380042",4372100,"Residual glycaemic",0.0175619033567078
"CCND2",12,"rs4238013",4376089,"Residual glycaemic",0.0296749239987311
"CCND2",12,"rs7304270",4381981,"Residual glycaemic",0.0216091778810352
"CCND2",12,"rs76895963",4384844,"Metabolic syndrome",0.0570958670495583
"CCND2",12,"rs3217860",4399050,"Beta cell +PI",0.0274710470984427
"CCND2",12,"rs3217893",4403876,"Beta cell +PI",0.0232572742252432
"CCND2",12,"rs3217907",4406836,"Residual glycaemic",0.0180118613773684
"CCND2",12,"rs142409867",4518681,"Body fat",0.0216697618358412
"CCND2",12,"rs75291436",4580240,"Residual glycaemic",0.014773265479456
"CCND2",12,"rs10849094",4676899,"Metabolic syndrome",0.0181793151467494
"CHD4",12,"rs7969177",6712980,"Residual glycaemic",0.0225062443541373
"YBX3",12,"rs77100210",10875928,"Residual glycaemic",0.0210830520087768
"CDKN1B",12,"rs2066827",12871099,"Body fat",0.0288830315423954
"CDKN1B",12,"rs7303887",13191175,"Residual glycaemic",0.0170070826432018
"RNU6-837P",12,"rs10744146",17212881,"Obesity",0.0205846813396195
"PDE3A",12,"rs75149408",20262545,"Body fat",0.0166080193432718
"PDE3A",12,"rs7488780",20579392,"Metabolic syndrome",0.0391139079434506
"PDE3A",12,"rs11045247",20592624,"Residual glycaemic",0.0216655570374939
"LDHB, KCNJ8, RP11-59N23.3",12,"rs34084105",21838885,"Beta cell -PI",0.0183227494038592
"ITPR2, RP11-283G6.4",12,"rs1048155",26273088,"Metabolic syndrome",0.015858805350087
"ITPR2, RP11-283G6.4",12,"rs10842708",26474867,"Lipodystrophy",0.0351787146063527
"KLHDC5, RN7SKP15",12,"rs61917473",27812337,"Body fat",0.016683375644615
"KLHDC5, RN7SKP15",12,"rs11049114",27893346,"Residual glycaemic",0.0184190520722072
"KLHDC5, RN7SKP15",12,"rs10842991",27962103,"Beta cell +PI",0.0195400123890442
"FAM60A, SINHCAF, DENND5B",12,"rs146295182",31374655,"Residual glycaemic",0.0170996260765689
"FAM60A, SINHCAF, DENND5B",12,"rs4931467",31379095,"Body fat",0.0115939603571045
"FAM60A, SINHCAF, DENND5B",12,"rs11051394",31493435,"Body fat",0.0186208710067907
"PKP2, SYT10",12,"rs6488140",33370406,"Obesity",0.0145859035284217
"RP11-554L12.3",12,"rs11514133",39416437,"Obesity",0.018128741971373
"PDZRN4",12,"rs2730827",41863393,"Obesity",0.0156974420815146
"ARID2",12,"rs1650007",46298435,"Body fat",0.0187409540320174
"H1FNT",12,"rs2732469",48712932,"Beta cell +PI",0.0287166853108251
"FAIM2",12,"rs7132908",50263148,"Obesity",0.0333492142928761
"SPRYD3",12,"rs2683506",53477350,"Residual glycaemic",0.0238418710189684
"PRIM1",12,"rs2277339",57146069,"Metabolic syndrome",0.0274986358436037
"PRIM1",12,"rs2167306",57362345,"Residual glycaemic",0.0203369130082677
"PRIM1",12,"rs3809113",57848708,"Metabolic syndrome",0.0291328919677235
"RP11-471N19.1",12,"rs10784067",61241140,"Obesity",0.0172548500106357
"RP11-631N16.2",12,"rs10877892",63010358,"Body fat",0.0186121104616454
"HMGA2, RPSAP52",12,"rs2257883",66216162,"Body fat",0.0209641313243377
"HMGA2, RPSAP52",12,"rs116257126",66245053,"Residual glycaemic",0.0147880652782267
"HMGA2, RPSAP52",12,"rs116979298",66338582,"Body fat",0.0187984783299184
"HMGA2, RPSAP52",12,"rs8756",66359752,"Metabolic syndrome",0.0491516285638018
"HMGA2, RPSAP52",12,"rs7397918",66426835,"Metabolic syndrome",0.0239187397344557
"FRS2",12,"rs3201",69973392,"Residual glycaemic",0.0208891736335673
"TSPAN8, LGR5",12,"rs10879248",71463415,"Metabolic syndrome",0.0204570592578487
"TSPAN8, LGR5",12,"rs1533104",71656547,"Metabolic syndrome",0.0171905553260248
"LIN7A",12,"rs11114650",81309262,"Body fat",0.0146918050820816
"RP11-362A1.2",12,"rs999976",82400498,"Residual glycaemic",0.0158889532973737
"RPS4XP15",12,"rs4842471",88343574,"Residual glycaemic",0.0144936201036862
"RP11-13A1.3, RP11-654D12.2",12,"rs10858821",89470751,"Residual glycaemic",0.0152887178552426
"RP11-13A1.3, RP11-654D12.2",12,"rs17250160",90402908,"Body fat",0.0188810128732148
"SOCS2",12,"rs1316739",93968256,"Residual glycaemic",0.0284557564984624
"USP44",12,"rs61939481",95921998,"Residual glycaemic",0.0162675651181177
"RMST",12,"rs6538804",97848910,"Beta cell +PI",0.0143310727021154
"C12orf42",12,"rs1520191",103662895,"Obesity",0.0134373989649362
"WSCD2",12,"rs1426371",108629780,"Obesity",0.0267899517007401
"BRAP, SH2B3, ALDH2, PTPN11, HECTD4",12,"rs671",112241766,"Body fat",0.0774895358591864
"RBM19",12,"rs7307263",114123722,"Residual glycaemic",0.0190216192773115
"KSR2, NOS1",12,"rs34965774",118412373,"Residual glycaemic",0.0206431213017052
"HNF1A",12,"rs77045000",121161453,"Residual glycaemic",0.0172108550054904
"HNF1A",12,"rs142775453",121186073,"Body fat",0.021400269430732
"HNF1A",12,"rs73229142",121257090,"Beta cell -PI",0.0227566725689284
"HNF1A",12,"rs572016",121279083,"Beta cell -PI",0.0435618007206935
"HNF1A",12,"rs118074491",121363506,"Beta cell +PI",0.0242554880902699
"HNF1A",12,"rs1800574",121416864,"Residual glycaemic",0.0503871800709566
"HNF1A",12,"rs1169299",121429194,"Beta cell -PI",0.086139811223864
"HNF1A",12,"rs149282777",121436391,"Body fat",0.0200218878400029
"HNF1A",12,"rs74627567",121517609,"Residual glycaemic",0.0169961600650943
"HNF1A",12,"rs208311",121604314,"Residual glycaemic",0.0267705538829107
"HNF1A",12,"rs141555626",121630339,"Beta cell -PI",0.0206140070359569
"HNF1A",12,"rs78628688",121930945,"Metabolic syndrome",0.023283904342865
"HNF1A",12,"rs10849893",121938185,"Residual glycaemic",0.0159604518317777
"ABCB9, MPHOSPH9",12,"rs4148856",123450765,"Metabolic syndrome",0.0245643368084873
"FAM101A, NCOR2",12,"rs11057418",124508976,"Lipodystrophy",0.035579356380891
"FAM101A, NCOR2",12,"rs34680764",124513777,"Lipodystrophy",0.0332088898392637
"FAM101A, NCOR2",12,"rs2229840",124826462,"Metabolic syndrome",0.0344132052208836
"ZNF10, EP400, FBRSL1",12,"rs7302504",132481274,"Residual glycaemic",0.0177707087006931
"ZNF10, EP400, FBRSL1",12,"rs12811407",133069698,"Body fat",0.0191844064409182
"ZNF10, EP400, FBRSL1",12,"rs1009321",133361224,"Obesity",0.0252216880521528
"SGCG, FGF9",13,"rs9316706",22589883,"Residual glycaemic",0.017650825763774
"SGCG, FGF9",13,"rs314879",23309382,"Beta cell -PI",0.0214979003724008
"RNF6",13,"rs34584161",26776999,"Beta cell +PI",0.0295362731909069
"RNF6",13,"rs512306",26802799,"Residual glycaemic",0.0186204021931826
"MTIF3, LINC00543",13,"rs9512696",28012527,"Obesity",0.017966179824236
"MTIF3, LINC00543",13,"rs79033136",28525362,"Body fat",0.0228530002340016
"HMGB1",13,"rs12855502",31017258,"Obesity",0.0259908716206692
"KL",13,"rs9591408",33486529,"Residual glycaemic",0.0183344773463
"KL",13,"rs57358169",33522341,"Residual glycaemic",0.0228576614263604
"KL",13,"rs576674",33554302,"Beta cell +PI",0.0185989093780687
"KL",13,"rs2283368",33593270,"Residual glycaemic",0.0191594463270502
"KL",13,"rs36090640",33691171,"Residual glycaemic",0.0161975182475262
"ELF1",13,"rs9532707",41600687,"Body fat",0.0250978643602276
"ZC3H13",13,"rs2806924",46518966,"Residual glycaemic",0.0218844716935077
"DLEU1, RP11-175B12.2",13,"rs9316500",51094114,"Beta cell -PI",0.0203201274810088
"OLFM4",13,"rs9568868",54107583,"Obesity",0.0181396424414986
"PCDH17, SRGAP2D",13,"rs11148426",58693112,"Obesity",0.0185239587362546
"PCDH17, SRGAP2D",13,"rs4432163",59197536,"Obesity",0.0204126552917466
"DIAPH3",13,"rs9598088",60692067,"Residual glycaemic",0.0206387559509586
"HNRNPA3P5",13,"rs9564268",66204880,"Obesity",0.022832352412171
"SPRY2",13,"rs1576655",79587841,"Obesity",0.0121464466678576
"SPRY2",13,"rs11620422",80586038,"Obesity",0.0162381810936378
"SPRY2",13,"rs3850067",80592204,"Beta cell -PI",0.0179882702732612
"SPRY2",13,"rs1215468",80707429,"Beta cell -PI",0.0213657911442836
"SPRY2",13,"rs9565549",80770112,"Residual glycaemic",0.0155019518027431
"MIR17HG",13,"rs1475655",91963080,"Body fat",0.0141046283515581
"GPC6",13,"rs9561488",94660569,"Body fat",0.0188762265401766
"STK24",13,"rs3783007",99109816,"Obesity",0.0161844788380377
"LIG4",13,"rs59904581",108804608,"Residual glycaemic",0.0185027653538863
"IRS2",13,"rs9301365",109927086,"Residual glycaemic",0.0167153475149513
"IRS2",13,"rs9521510",110426871,"Body fat",0.0164772139742289
"TFDP1",13,"rs2316118",114277201,"Body fat",0.019732817384185
"SLC7A7",14,"rs17122782",23289189,"Residual glycaemic",0.0188801231035667
"NYNRIN",14,"rs12437434",24878370,"Residual glycaemic",0.0192939731822002
"RP11-388G3.1",14,"rs1955851",25949277,"Obesity",0.0182904237731152
"PRKD1",14,"rs8005994",29744532,"Obesity",0.0233525754586545
"PRKD1",14,"rs3783300",30070659,"Body fat",0.0200684047424999
"AKAP6",14,"rs12883788",33303540,"Obesity",0.0127159282261542
"RP11-85K15.2",14,"rs10149083",35455979,"Residual glycaemic",0.027438730822312
"CLEC14A",14,"rs4901812",38800704,"Metabolic syndrome",0.0255728736245948
"MDGA2",14,"rs12896030",47296764,"Obesity",0.0151332512027707
"SOS2",14,"rs72681869",50655357,"Metabolic syndrome",0.0384887166349508
"RP11-349A22.5, PSMA3",14,"rs7147757",58752587,"Residual glycaemic",0.0215370546856693
"MNAT1",14,"rs3742636",61180657,"Residual glycaemic",0.0185585670322619
"DCAF5",14,"rs10130013",69563295,"Body fat",0.0268212084217113
"LRRC74A, C14orf166B",14,"rs2056857",77300863,"Residual glycaemic",0.0201476478742814
"LRRC74A, C14orf166B",14,"rs72627182",77379704,"Residual glycaemic",0.0207299751627657
"LRRC74A, C14orf166B",14,"rs7150718",77848618,"Residual glycaemic",0.0210232378516358
"NRXN3",14,"rs61993073",79825106,"Body fat",0.0174869371627447
"NRXN3",14,"rs7156625",79942647,"Obesity",0.0294975240805616
"NRXN3",14,"rs2371064",80170870,"Residual glycaemic",0.0169279945592598
"FOXN3",14,"rs35368444",89556247,"Beta cell +PI",0.0198216433246224
"FOXN3",14,"rs35889227",90055468,"Beta cell +PI",0.0191217529343688
"SMEK1",14,"rs2025067",91972752,"Residual glycaemic",0.0162567074528993
"BCL11B",14,"rs4082793",99700080,"Obesity",0.0202186166162864
"DLK1, MEG3",14,"rs7145337",101155536,"Obesity",0.0223727210692619
"DLK1, MEG3",14,"rs10147577",101239087,"Residual glycaemic",0.0217627714499275
"DLK1, MEG3",14,"rs73347525",101255172,"Residual glycaemic",0.021728510695616
"DLK1, MEG3",14,"rs61385262",101270219,"Residual glycaemic",0.0144384064651089
"DLK1, MEG3",14,"rs2295388",101309759,"Residual glycaemic",0.0154629274323827
"DLK1, MEG3",14,"rs61992671",101531854,"Obesity",0.0181888900171838
"MARK3, TRAF3",14,"rs8020605",103227852,"Residual glycaemic",0.0173708480187831
"MARK3, TRAF3",14,"rs1022736",103998423,"Obesity",0.0261199734318507
"MARK3, TRAF3",14,"rs113345285",104246362,"Obesity",0.019796581348944
"KLF13",15,"rs7403010",31725775,"Lipodystrophy",0.0226694897654981
"DPH6-AS1",15,"rs12913098",35935113,"Obesity",0.0183608426661718
"C15orf52, INFAM2, RP11-624L4.1, RASGRP1",15,"rs2382031",38024821,"Residual glycaemic",0.0156111351296512
"C15orf52, INFAM2, RP11-624L4.1, RASGRP1",15,"rs8043085",38828140,"Body fat",0.0176261127113057
"C15orf52, INFAM2, RP11-624L4.1, RASGRP1",15,"rs10152999",39653053,"Metabolic syndrome",0.0232469209057323
"C15orf52, INFAM2, RP11-624L4.1, RASGRP1",15,"rs16970349",40384132,"Metabolic syndrome",0.0221384503462957
"C15orf52, INFAM2, RP11-624L4.1, RASGRP1",15,"rs34245505",40397191,"Metabolic syndrome",0.0312386925871323
"C15orf52, INFAM2, RP11-624L4.1, RASGRP1",15,"rs4924455",40633138,"Body fat",0.0226701604931673
"C15orf52, INFAM2, RP11-624L4.1, RASGRP1",15,"rs12898690",40741295,"Residual glycaemic",0.0170913379445691
"LTK",15,"rs3959569",42115747,"Metabolic syndrome",0.0183145370516261
"PPIP5K1, STRC",15,"rs2447198",43895118,"Body fat",0.0313884128782652
"RP11-315O8.1, FKSG62",15,"rs10519049",46476157,"Obesity",0.0184233469184065
"RP11-315O8.1, FKSG62",15,"rs62015803",47415535,"Residual glycaemic",0.0165438139495802
"FAM227B",15,"rs7161744",49872347,"Body fat",0.0261399449489622
"ONECUT1, WDR72, MYO5C",15,"rs750163",51906987,"Obesity",0.0175922862878201
"ONECUT1, WDR72, MYO5C",15,"rs149336329",52587740,"Beta cell +PI",0.0199336910552434
"ONECUT1, WDR72, MYO5C",15,"rs28475375",53088801,"Obesity",0.0152373874367866
"ONECUT1, WDR72, MYO5C",15,"rs11853527",54021967,"Body fat",0.0168550526938569
"TCF12",15,"rs139219993",56885148,"Body fat",0.0141209730268299
"TCF12",15,"rs2615231",57405674,"Metabolic syndrome",0.0203159648640324
"C2CD4A, C2CD4B",15,"rs146692251",62218098,"Body fat",0.0214358416022158
"C2CD4A, C2CD4B",15,"rs7163757",62391608,"Beta cell +PI",0.0777459166885867
"USP3",15,"rs1396713",64097938,"Metabolic syndrome",0.0232831471721708
"DPP8",15,"rs12909009",65743050,"Residual glycaemic",0.0224628335731897
"MAP2K5",15,"rs2469102",66873916,"Residual glycaemic",0.0213627002197366
"MAP2K5",15,"rs55970476",67019975,"Residual glycaemic",0.0237306268889905
"MAP2K5",15,"rs28836514",67262832,"Obesity",0.0205145703093451
"MAP2K5",15,"rs4776970",68080886,"Obesity",0.0219336839747184
"GRAMD2",15,"rs8026894",72478513,"Residual glycaemic",0.0174209909252916
"PML",15,"rs7183908",74329193,"Obesity",0.0310936652243125
"PTPN9, SIN3A",15,"rs12708519",75803200,"Body fat",0.0238466110944321
"PTPN9, SIN3A",15,"rs8043371",76437983,"Body fat",0.0133966761234377
"HMG20A",15,"rs62008456",77606303,"Obesity",0.0148515307342334
"HMG20A",15,"rs952472",77776562,"Metabolic syndrome",0.0272064202021983
"HMG20A",15,"rs34080199",77812028,"Body fat",0.0146937136454272
"ZFAND6",15,"rs7172637",80428575,"Beta cell -PI",0.0144550063096213
"FSD2",15,"rs28538218",83753712,"Body fat",0.0163825771314717
"AP3S2",15,"rs2165069",90407119,"Beta cell +PI",0.0186343854038363
"PRC1",15,"rs2890156",91513157,"Residual glycaemic",0.0224208392351085
"PRC1",15,"rs10520699",91522966,"Residual glycaemic",0.0177315505855101
"PRC1",15,"rs9672505",91695362,"Body fat",0.0146080518061487
"RP11-266O8.1, RGMA",15,"rs7167984",93832067,"Residual glycaemic",0.0155812480253973
"RP11-266O8.1, RGMA",15,"rs4777857",93925327,"Residual glycaemic",0.019458236546602
"RP11-57P19.1",15,"rs11633473",95270905,"Obesity",0.0143988017002411
"IGF1R",15,"rs62024481",99238661,"Obesity",0.016954660074188
"LMF1, ITFG3",16,"rs117064493",261116,"Residual glycaemic",0.0193035557280393
"LMF1, ITFG3",16,"rs55857387",300388,"Metabolic syndrome",0.0230719509165493
"LMF1, ITFG3",16,"rs34665498",337691,"Obesity",0.0201331740087084
"LMF1, ITFG3",16,"rs9889137",968717,"Residual glycaemic",0.0298590255907351
"LMF1, ITFG3",16,"rs4988483",1129010,"Body fat",0.0648240651408447
"LMF1, ITFG3",16,"rs34569984",1248374,"Metabolic syndrome",0.0193275394285448
"LMF1, ITFG3",16,"rs4984797",1336403,"Residual glycaemic",0.0266802820520767
"CLUAP1, SLX4",16,"rs458522",3330179,"Residual glycaemic",0.0205915416503678
"CLUAP1, SLX4",16,"rs3751837",3583173,"Obesity",0.016967700582634
"CLUAP1, SLX4",16,"rs56104880",4361138,"Residual glycaemic",0.0268978801606861
"CLUAP1, SLX4",16,"rs3747579",4445327,"Metabolic syndrome",0.0319026320546354
"RP11-420N3.2, RBFOX1",16,"rs1420076",6534122,"Residual glycaemic",0.0216093398979445
"RP11-297M9.1",16,"rs316371",9735857,"Obesity",0.0216834629526619
"NTAN1",16,"rs9927842",15153717,"Obesity",0.019313488733675
"GP2",16,"rs11074446",20255123,"Obesity",0.0139707885005535
"GP2",16,"rs73541251",20331737,"Residual glycaemic",0.0164521606617893
"GP2",16,"rs9929710",20370981,"Obesity",0.0201306378147058
"TNRC6A, CTD-2515A14.1, AQP8",16,"rs2059134",24816492,"Obesity",0.0251008548453943
"TNRC6A, CTD-2515A14.1, AQP8",16,"rs10852284",25236955,"Body fat",0.0165659988207984
"ATP2A1",16,"rs10499",28915527,"Obesity",0.0433892752401844
"FAM57B, TMEM219",16,"rs9932196",29983119,"Obesity",0.0272387757970303
"KAT8, RP11-196G11.4",16,"rs1978487",31129942,"Obesity",0.0277359988052708
"RP11-98C8.1",16,"rs13339351",49048190,"Residual glycaemic",0.0192242295041469
"FTO",16,"rs117515728",53427421,"Residual glycaemic",0.0219902151976597
"FTO",16,"rs62048489",53454855,"Metabolic syndrome",0.0153941875225954
"FTO",16,"rs3095633",53541478,"Residual glycaemic",0.02157059472044
"FTO",16,"rs113810193",53543205,"Metabolic syndrome",0.0209211653777543
"FTO",16,"rs4548860",53772994,"Obesity",0.0178045297412903
"FTO",16,"rs1558902",53803574,"Obesity",0.0976662061101937
"FTO",16,"rs145904814",53813952,"Body fat",0.0220084258412565
"FTO",16,"rs73612051",53828037,"Obesity",0.0129577338798759
"FTO",16,"rs62033416",53838658,"Obesity",0.0166653826338327
"FTO",16,"rs139891432",53843623,"Obesity",0.0123912727273428
"FTO",16,"rs4783837",54370634,"Residual glycaemic",0.0195351342937252
"PKD1L3, IL34, NFAT5",16,"rs2917677",69750849,"Obesity",0.0269681668249826
"RP11-346C20.3, ZFHX3",16,"rs7498798",73097029,"Obesity",0.0236846413137996
"BCAR1, CTRB2",16,"rs72802365",75246035,"Metabolic syndrome",0.0182230360065653
"MON1B",16,"rs72798545",77232746,"Obesity",0.0158482190028636
"CMIP",16,"rs2925979",81534790,"Lipodystrophy",0.0287030065486276
"CMIP",16,"rs7189295",81609553,"Metabolic syndrome",0.0272335593472712
"RP11-505K9.4",16,"rs4782568",83980529,"Body fat",0.0494973833272746
"GINS2",16,"rs2303202",85704584,"Metabolic syndrome",0.0225723049341262
"GINS2",16,"rs35825770",86459737,"Body fat",0.0249239528549977
"ZFPM1",16,"rs9937296",88554480,"Residual glycaemic",0.0251921405790101
"SPG7, RPL13",16,"rs17471624",89631665,"Obesity",0.0225978998228699
"SPG7, RPL13",16,"rs28592184",89681640,"Residual glycaemic",0.0158993320523103
"SPG7, RPL13",16,"rs56283750",89786761,"Body fat",0.0243343863792484
"VPS53",17,"rs36027158",519554,"Metabolic syndrome",0.0264551995837106
"VPS53",17,"rs9893867",1510048,"Beta cell -PI",0.0205893895087803
"VPS53",17,"rs59278436",2309929,"Beta cell -PI",0.038740189513452
"ENO3, ZZEF1",17,"rs1043246",3828086,"Body fat",0.0203425736233107
"ENO3, ZZEF1",17,"rs8082265",3838761,"Residual glycaemic",0.0222756848972729
"ENO3, ZZEF1",17,"rs72827349",3980551,"Residual glycaemic",0.0188178982066396
"ENO3, ZZEF1",17,"rs7224685",4014384,"Obesity",0.0266359804505822
"ENO3, ZZEF1",17,"rs3966782",4807098,"Obesity",0.0189822039663573
"SAT2, SLC16A11, SLC16A13",17,"rs9900150",6553168,"Metabolic syndrome",0.020116763884565
"SAT2, SLC16A11, SLC16A13",17,"rs113748381",6953155,"Beta cell -PI",0.0169659375682922
"SAT2, SLC16A11, SLC16A13",17,"rs727428",7537792,"Metabolic syndrome",0.0351756069283157
"GLP2R",17,"rs17676097",9791549,"Residual glycaemic",0.0361365101178475
"RAI1",17,"rs12453750",17342768,"Beta cell -PI",0.0217454426040421
"RAI1",17,"rs56745821",17509992,"Lipodystrophy",0.0243745507981206
"RAI1",17,"rs1108646",17751478,"Metabolic syndrome",0.0243621082829844
"KCNJ12",17,"rs7213608",21279289,"Body fat",0.0279124680298267
"CRYBA1",17,"rs797971",27648435,"Beta cell +PI",0.0250450786929726
"NF1",17,"rs1048317",29704002,"Obesity",0.0323909725854854
"MYO19",17,"rs2306593",34866546,"Obesity",0.0196780713812426
"HNF1B, TCF2",17,"rs3094503",36030408,"Residual glycaemic",0.0194284952132808
"HNF1B, TCF2",17,"rs3094515",36043653,"Residual glycaemic",0.0190117736401037
"HNF1B, TCF2",17,"rs3110641",36047417,"Beta cell -PI",0.0198512657778551
"HNF1B, TCF2",17,"rs4635384",36055558,"Residual glycaemic",0.0164283923848155
"HNF1B, TCF2",17,"rs12943407",36088329,"Body fat",0.0196739793292662
"HNF1B, TCF2",17,"rs11651052",36102381,"Beta cell -PI",0.0227952964902292
"NEUROD2",17,"rs11078916",37746307,"Body fat",0.0357473552511652
"MLX, LINC00910, RP11-400F19.6",17,"rs676387",40706273,"Obesity",0.0316616385100507
"MLX, LINC00910, RP11-400F19.6",17,"rs56799554",41456413,"Metabolic syndrome",0.0280278840974043
"ACBD4",17,"rs11653796",43218259,"Body fat",0.0321428678449827
"KANSL1",17,"rs4792837",44286384,"Beta cell -PI",0.029272275765349
"GIP, TTLL6, CBX1",17,"rs3744347",46178674,"Metabolic syndrome",0.023729426280885
"GIP, TTLL6, CBX1",17,"rs35895680",47060322,"Obesity",0.0331051352877064
"ITGA3",17,"rs112297357",48164330,"Residual glycaemic",0.0191745220152675
"PPM1E",17,"rs11659035",56966052,"Body fat",0.0233022863764636
"RPS6KB1",17,"rs8068913",57973096,"Beta cell -PI",0.0237909327511431
"ERN1, ACE",17,"rs11657101",60636826,"Metabolic syndrome",0.0216298439267288
"ERN1, ACE",17,"rs4311",61560763,"Residual glycaemic",0.0193833963349413
"ERN1, ACE",17,"rs72845888",61667008,"Obesity",0.0208649410705304
"ERN1, ACE",17,"rs10853047",62199136,"Beta cell -PI",0.0182398255667191
"PITPNC1, BPTF",17,"rs77746881",65651268,"Beta cell -PI",0.0173173204612343
"PITPNC1, BPTF",17,"rs12601921",65825354,"Obesity",0.04277826266722
"PITPNC1, BPTF",17,"rs35722605",66383608,"Residual glycaemic",0.0230203228802179
"PITPNC1, BPTF",17,"rs883541",66449122,"Beta cell -PI",0.0293647966091261
"SLC39A11",17,"rs11653006",70296543,"Residual glycaemic",0.0295540892997513
"SLC39A11",17,"rs61736066",70645032,"Residual glycaemic",0.0199487081209043
"SLC39A11",17,"rs11077654",71006512,"Residual glycaemic",0.0137809068516018
"SUMO2",17,"rs10401019",73178311,"Residual glycaemic",0.031734037987716
"SUMO2",17,"rs2444842",73754806,"Residual glycaemic",0.01904812201988
"CYTH1",17,"rs7221314",76758251,"Body fat",0.0218484583201269
"RPTOR",17,"rs62076641",77896764,"Body fat",0.0196149964363576
"RPTOR",17,"rs11150745",78757626,"Obesity",0.0161494912120196
"WDR45B, FN3KRP",17,"rs4789816",80607830,"Beta cell -PI",0.0224907892107185
"WDR45B, FN3KRP",17,"rs9895455",80683980,"Beta cell +PI",0.0566844249108127
"RP11-161I6.2",18,"rs8097544",1839564,"Obesity",0.0212427676094387
"EMILIN2",18,"rs11664106",2846812,"Lipodystrophy",0.0257534846384931
"LAMA1",18,"rs9948462",7076836,"Metabolic syndrome",0.0207164052455849
"C18orf8",18,"rs1788819",21100504,"Obesity",0.0214887313932684
"NOL4",18,"rs4293449",31694567,"Obesity",0.0167613702860689
"COMMD9",18,"rs62080313",36278709,"Obesity",0.0155226720115217
"COMMD9",18,"rs2958610",36594057,"Residual glycaemic",0.0172938530581429
"LINC00907",18,"rs7232699",40072230,"Obesity",0.0135247071735296
"LINC00907",18,"rs7242026",40702833,"Obesity",0.0202413486969883
"SETBP1, SLC14A2",18,"rs58306981",42326974,"Residual glycaemic",0.0170426720376985
"SETBP1, SLC14A2",18,"rs2247326",42948994,"Obesity",0.0180784059290938
"DCC",18,"rs8089704",50840102,"Obesity",0.0172590953029451
"TCF4",18,"rs1942569",52846725,"Body fat",0.0215968019225374
"TCF4",18,"rs72926932",53050646,"Body fat",0.0278124235777759
"TCF4",18,"rs17089932",53428347,"Body fat",0.0201662313493305
"WDR7",18,"rs10048404",54578482,"Residual glycaemic",0.0229575802175992
"RNU4-17P, GRP, MC4R",18,"rs9957320",56876430,"Obesity",0.0231797485017782
"RNU4-17P, GRP, MC4R",18,"rs6567160",57829135,"Obesity",0.0690647377261282
"RNU4-17P, GRP, MC4R",18,"rs78769612",58028972,"Obesity",0.0254706352529337
"BCL2A",18,"rs12454712",60845884,"Metabolic syndrome",0.0431033075809716
"BCL2A",18,"rs12970504",60895919,"Body fat",0.0267342655705722
"BCL2A",18,"rs12455492",60982168,"Residual glycaemic",0.0217603964250741
"CDH7",18,"rs35419009",63458281,"Obesity",0.00988678388764091
"RP11-173L6.1",18,"rs12964145",73501475,"Obesity",0.0232373436580021
"ZNF236",18,"rs2658746",74582340,"Beta cell -PI",0.0239100399628614
"NFATC1",18,"rs8096658",77156537,"Obesity",0.0265018258054324
"TCF3",19,"rs8108446",818284,"Residual glycaemic",0.0256082959767431
"TCF3",19,"rs12461269",1167922,"Residual glycaemic",0.0227136516077248
"TCF3",19,"rs34072429",1224518,"Residual glycaemic",0.0146034764735968
"TCF3",19,"rs62128838",1236481,"Residual glycaemic",0.0130954119174109
"TCF3",19,"rs4807125",1646712,"Body fat",0.0182139523236593
"TCF3",19,"rs28626548",1865673,"Obesity",0.0180882059369551
"NCLN",19,"rs75620555",3184010,"Residual glycaemic",0.0137732778076929
"UHRF1, PTPRS, KDM4B",19,"rs56249413",5036730,"Metabolic syndrome",0.0172972640565523
"MAP2K7, INSR, AC010336.1",19,"rs10416539",7186333,"Metabolic syndrome",0.030947825965268
"MAP2K7, INSR, AC010336.1",19,"rs4804420",7226190,"Metabolic syndrome",0.023669777558636
"MAP2K7, INSR, AC010336.1",19,"rs10427109",7293560,"Metabolic syndrome",0.0305273966169405
"MAP2K7, INSR, AC010336.1",19,"rs2115107",7968168,"Lipodystrophy",0.0283337556454376
"MAP2K7, INSR, AC010336.1",19,"rs116843064",8429323,"Lipodystrophy",0.0558022520526428
"FARSA, ZNF799, GCDH",19,"rs4804181",12509536,"Residual glycaemic",0.0196841932562382
"FARSA, ZNF799, GCDH",19,"rs3111316",13038415,"Metabolic syndrome",0.0214198371333976
"FARSA, ZNF799, GCDH",19,"rs148340480",13159859,"Body fat",0.0186714207816626
"CILP2, CRTC1, TM6SF2",19,"rs4808845",18812024,"Obesity",0.0205810735634105
"CILP2, CRTC1, TM6SF2",19,"rs150057262",19320825,"Metabolic syndrome",0.0731038681740599
"CILP2, CRTC1, TM6SF2",19,"rs8107974",19388500,"Liver/lipid metabolism",0.0615049001617254
"CILP2, CRTC1, TM6SF2",19,"rs7247433",19795560,"Metabolic syndrome",0.0409791849462139
"CILP2, CRTC1, TM6SF2",19,"rs150617279",20139234,"Metabolic syndrome",0.030263839460593
"ZNF257, ZNF738",19,"rs7507813",21722479,"Residual glycaemic",0.0171990704221989
"ZNF257, ZNF738",19,"rs142395395",22100706,"Residual glycaemic",0.0128294166715568
"ZNF257, ZNF738",19,"rs4932747",22279252,"Beta cell -PI",0.0201635080791576
"AC007796.1",19,"rs1469705",31038995,"Body fat",0.0183485003747279
"AC007796.1",19,"rs924150",31829903,"Beta cell -PI",0.0192889315590893
"PEPD",19,"rs7256564",33889593,"Lipodystrophy",0.0578523584335351
"SARS2, CTC-360G5.8",19,"rs11670675",39406442,"Beta cell -PI",0.0208097236638116
"CTC-435M10.3, TMEM91, B9D2, BCKDHA, EXOSC5",19,"rs11466334",41847737,"Body fat",0.0235145288647133
"CTC-435M10.3, TMEM91, B9D2, BCKDHA, EXOSC5",19,"rs55826925",41871791,"Beta cell +PI",0.0235923954944399
"RN7SL836P, EML2, TOMM40, APOE, GIPR",19,"rs57537848",45354044,"Residual glycaemic",0.0318345040461363
"RN7SL836P, EML2, TOMM40, APOE, GIPR",19,"rs429358",45411941,"Liver/lipid metabolism",0.160749153555693
"RN7SL836P, EML2, TOMM40, APOE, GIPR",19,"rs62118504",45734751,"Obesity",0.0240925165758924
"RN7SL836P, EML2, TOMM40, APOE, GIPR",19,"rs10406431",46157019,"Metabolic syndrome",0.0227456937537398
"RN7SL836P, EML2, TOMM40, APOE, GIPR",19,"rs61373376",46183586,"Beta cell +PI",0.054805324815664
"RN7SL836P, EML2, TOMM40, APOE, GIPR",19,"rs34505186",46214684,"Body fat",0.0241253195092589
"RN7SL836P, EML2, TOMM40, APOE, GIPR",19,"rs11083785",46409012,"Body fat",0.0151752107962989
"ZC3H4",19,"rs8101149",47600441,"Obesity",0.0342228124309739
"FCGRT",19,"rs34010237",50012574,"Body fat",0.0316147468176586
"FCGRT",19,"rs73582456",50034101,"Body fat",0.0278259903530714
"RP5-1103G7.4, SOX12",20,"rs1047507",308193,"Residual glycaemic",0.0136746513066479
"STK35",20,"rs4813319",1893747,"Residual glycaemic",0.0156930136347174
"DTD1",20,"rs62216977",18648669,"Residual glycaemic",0.0171923829262459
"FOXA2, NKX2-2",20,"rs2181063",22427370,"Residual glycaemic",0.0254139438412363
"FOXA2, NKX2-2",20,"rs1203894",22549369,"Beta cell +PI",0.0247010334407727
"ASXL1",20,"rs1737897",31028723,"Obesity",0.0201184725977885
"RALY, EIF2S2",20,"rs149142833",32188142,"Metabolic syndrome",0.030400482220839
"RALY, EIF2S2",20,"rs1810534",32437142,"Body fat",0.0185992649569447
"RALY, EIF2S2",20,"rs4911405",32674967,"Metabolic syndrome",0.0315134984337817
"ZHX3",20,"rs17265513",39832628,"Body fat",0.037266040295644
"IFT52, HNF4A",20,"rs826949",42302201,"Metabolic syndrome",0.0172778607033046
"IFT52, HNF4A",20,"rs183623967",42677758,"Body fat",0.02271049423896
"IFT52, HNF4A",20,"rs6073369",42832789,"Residual glycaemic",0.0240017097950411
"IFT52, HNF4A",20,"rs2144907",42977256,"Residual glycaemic",0.0187663508931106
"IFT52, HNF4A",20,"rs188520200",42984363,"Body fat",0.0219977467362439
"IFT52, HNF4A",20,"rs12625671",42994812,"Beta cell -PI",0.0296092696675095
"IFT52, HNF4A",20,"rs112845208",42999433,"Metabolic syndrome",0.0197254467450677
"IFT52, HNF4A",20,"rs1800961",43042364,"Lipodystrophy",0.0669523214266408
"IFT52, HNF4A",20,"rs6073434",43049623,"Beta cell -PI",0.0172092885231182
"IFT52, HNF4A",20,"rs244080",43246549,"Residual glycaemic",0.0146022171482344
"IFT52, HNF4A",20,"rs56062745",43256437,"Beta cell -PI",0.0190298039840622
"EYA2",20,"rs67559658",45553106,"Residual glycaemic",0.0170460744975997
"EYA2",20,"rs6063046",45596378,"Lipodystrophy",0.0238330697343962
"CEBPB",20,"rs6091115",48832020,"Beta cell +PI",0.027875280143065
"NFATC2, TSHZ2, RP4-723E3.1",20,"rs3787186",50153344,"Body fat",0.0220469377720368
"NFATC2, TSHZ2, RP4-723E3.1",20,"rs6021487",50453895,"Residual glycaemic",0.0234774052216514
"NFATC2, TSHZ2, RP4-723E3.1",20,"rs2426443",51044117,"Metabolic syndrome",0.0293986690354269
"NFATC2, TSHZ2, RP4-723E3.1",20,"rs1523539",51296548,"Obesity",0.0166730047577101
"NFATC2, TSHZ2, RP4-723E3.1",20,"rs2741362",51617164,"Beta cell -PI",0.0192552727536743
"RP5-1010E17.1",20,"rs507381",54156465,"Obesity",0.0177963339872634
"GNAS",20,"rs6070620",57384175,"Body fat",0.0176687694778428
"GNAS",20,"rs1800900",57415110,"Beta cell +PI",0.0219275190095907
"GNAS",20,"rs4812042",57461915,"Body fat",0.0225280299372898
"GNAS",20,"rs45551238",57607363,"Obesity",0.0255379025167888
"SLCO4A1",20,"rs2274933",60897488,"Residual glycaemic",0.0224208259568611
"SLCO4A1",20,"rs34885433",61273960,"Metabolic syndrome",0.0203558238454721
"ZBTB46",20,"rs1056441",62370349,"Obesity",0.0322847789669751
"ZBTB46",20,"rs73143584",62445702,"Body fat",0.0233174942660628
"ZBTB46",20,"rs11698462",62779229,"Metabolic syndrome",0.0231010507943208
"ETS2",21,"rs11911369",40175634,"Body fat",0.0173248622074857
"BACE2",21,"rs28360503",42583804,"Residual glycaemic",0.0166624785413239
"ADARB1",21,"rs9977825",46494995,"Obesity",0.0189338082343967
"PCNT",21,"rs9983528",47772439,"Residual glycaemic",0.0201193791479224
"ARVCF",22,"rs758374",19971552,"Residual glycaemic",0.0272669184480068
"ARVCF",22,"rs3804043",20052481,"Residual glycaemic",0.0241709243908164
"SGSM1",22,"rs7291042",25220606,"Body fat",0.0297539841735409
"MTMR3, ASCC2, ZNRF3, CTA-85E5.10",22,"rs5762925",29369398,"Body fat",0.0196337445721668
"MTMR3, ASCC2, ZNRF3, CTA-85E5.10",22,"rs131285",30157940,"Residual glycaemic",0.0300387406183766
"MTMR3, ASCC2, ZNRF3, CTA-85E5.10",22,"rs5997539",30237706,"Metabolic syndrome",0.021149105652836
"YWHAH, DEPDC5",22,"rs131246",32128271,"Residual glycaemic",0.0229120685647915
"TOM1",22,"rs138742",35699759,"Metabolic syndrome",0.0227498851635139
"MAFF",22,"rs2267374",38600595,"Lipodystrophy",0.0308826608186279
"TNRC6B",22,"rs4586740",40540762,"Obesity",0.0242732504834323
"EP300",22,"rs7510675",41549297,"Body fat",0.0239663512246419
"CYB5R3",22,"rs5751316",43034144,"Body fat",0.015221562907947
"PNPLA3",22,"rs738408",44324730,"Liver/lipid metabolism",0.116925211149955
"WNT7B",22,"rs9723065",46314952,"Residual glycaemic",0.0148968580643275
"PIM3",22,"rs28691713",50356302,"Beta cell -PI",0.0250255432332826
"PIM3",22,"rs56149983",50620508,"Residual glycaemic",0.0234804572094457
